ts,can_id,goal,speedmode,t
1772875677.987122,2,-4.376739001253586,True,0.0
1772875677.9894834,3,2.6062992125984255,True,0.002361297607421875
1772875677.991518,4,-9.589337426450436,True,0.004395961761474609
1772875678.0838397,1,-2.6062992125984255,True,0.09671759605407715
1772875678.0858037,2,-4.419484754538862,True,0.09868168830871582
1772875678.0878344,3,2.6062992125984255,True,0.10071229934692383
1772875678.0897462,4,-9.632083179735714,True,0.10262417793273926
1772875678.1835418,1,-2.6062992125984255,True,0.19641971588134766
1772875678.186134,2,-4.437672127364683,True,0.19901204109191895
1772875678.1884954,3,2.6062992125984255,True,0.20137333869934082
1772875678.1901007,4,-9.650270552561535,True,0.20297861099243164
1772875678.283318,1,-2.6062992125984255,True,0.29619598388671875
1772875678.2850184,2,-4.443635513458757,True,0.2978963851928711
1772875678.2868786,3,2.6062992125984255,True,0.2997565269470215
1772875678.288623,4,-9.656233938655607,True,0.3015010356903076
1772875678.383722,1,-2.6062992125984255,True,0.39660000801086426
1772875678.3854868,2,-4.4413174909692295,True,0.398364782333374
1772875678.3870385,3,2.6062992125984255,True,0.399916410446167
1772875678.3890307,4,-9.65391591616608,True,0.40190863609313965
1772875678.483508,1,-2.6062992125984255,True,0.4963860511779785
1772875678.4854052,2,-4.46265587030115,True,0.49828314781188965
1772875678.4873447,3,2.6062992125984255,True,0.5002226829528809
1772875678.4896212,4,-9.675254295498,True,0.5024991035461426
1772875678.5834413,1,-2.6062992125984255,True,0.5963191986083984
1772875678.5852547,2,-4.46393812115908,True,0.5981326103210449
1772875678.5871766,3,2.6062992125984255,True,0.6000545024871826
1772875678.588886,4,-9.676536546355932,True,0.6017639636993408
1772875678.683455,1,-2.6062992125984255,True,0.6963329315185547
1772875678.685138,2,-4.466956254444009,True,0.6980159282684326
1772875678.687029,3,2.6062992125984255,True,0.6999068260192871
1772875678.6886992,4,-9.67955467964086,True,0.7015771865844727
1772875678.7835295,1,-2.6062992125984255,True,0.7964074611663818
1772875678.7851782,2,-4.468938420487357,True,0.7980561256408691
1772875678.787296,3,2.6062992125984255,True,0.8001739978790283
1772875678.7889028,4,-9.681536845684207,True,0.8017807006835938
1772875678.8832715,1,-2.6062992125984255,True,0.8961493968963623
1772875678.884889,2,-4.45759383652036,True,0.8977668285369873
1772875678.8866935,3,2.6062992125984255,True,0.899571418762207
1772875678.8883297,4,-9.670192261717212,True,0.901207685470581
1772875678.9832408,1,-2.6062992125984255,True,0.9961187839508057
1772875678.9848974,2,-4.443407506065137,True,0.9977753162384033
1772875678.986645,3,2.6062992125984255,True,0.9995229244232178
1772875678.9886541,4,-9.656005931261987,True,1.0015320777893066
1772875679.0831873,1,-2.6062992125984255,True,1.0960652828216553
1772875679.0848079,2,-4.431472047148853,True,1.0976858139038086
1772875679.0864787,3,2.6062992125984255,True,1.0993566513061523
1772875679.0883985,4,-9.644070472345705,True,1.1012763977050781
1772875679.183398,1,-2.6062992125984255,True,1.1962759494781494
1772875679.185051,2,-4.43460579064684,True,1.1979289054870605
1772875679.1866693,3,2.6062992125984255,True,1.199547290802002
1772875679.1885242,4,-9.647204215843692,True,1.201402187347412
1772875679.28451,1,-2.6062992125984255,True,1.2973878383636475
1772875679.2862186,2,-4.423469520008755,True,1.2990965843200684
1772875679.2882864,3,2.6062992125984255,True,1.3011643886566162
1772875679.2899106,4,-9.636067945205605,True,1.302788496017456
1772875679.3833015,1,-2.6062992125984255,True,1.396179437637329
1772875679.3850288,2,-4.425086661652122,True,1.39790678024292
1772875679.3867507,3,2.6062992125984255,True,1.3996286392211914
1772875679.3883073,4,-9.637685086848972,True,1.4011852741241455
1772875679.4832766,1,-2.6062992125984255,True,1.496154546737671
1772875679.4849021,2,-4.403084119000523,True,1.4977800846099854
1772875679.486828,3,2.6062992125984255,True,1.4997060298919678
1772875679.489237,4,-9.615682544197373,True,1.50211501121521
1772875679.5835598,1,-2.6062992125984255,True,1.596437692642212
1772875679.5852757,2,-4.403084119000523,True,1.5981535911560059
1772875679.5871923,3,2.6062992125984255,True,1.6000702381134033
1772875679.5891821,4,-9.615682544197373,True,1.602060079574585
1772875679.6839204,1,-2.6062992125984255,True,1.696798324584961
1772875679.6856384,2,-4.403084119000523,True,1.6985163688659668
1772875679.687476,3,2.6062992125984255,True,1.7003538608551025
1772875679.6889691,4,-9.615682544197373,True,1.7018470764160156
1772875679.7834895,1,-2.6062992125984255,True,1.7963674068450928
1772875679.7852712,2,-4.403084119000523,True,1.7981491088867188
1772875679.787257,3,2.6062992125984255,True,1.8001348972320557
1772875679.7893906,4,-9.615682544197373,True,1.8022685050964355
1772875679.8843267,1,-2.6062992125984255,True,1.8972046375274658
1772875679.8860981,2,-4.403084119000523,True,1.8989760875701904
1772875679.88763,3,2.6062992125984255,True,1.900507926940918
1772875679.8891978,4,-9.615682544197373,True,1.9020757675170898
1772875679.9837523,1,-2.6062992125984255,True,1.9966301918029785
1772875679.9855518,2,-4.403084119000523,True,1.998429775238037
1772875679.9873662,3,2.6062992125984255,True,2.000244140625
1772875679.9889042,4,-9.615682544197373,True,2.001782178878784
1772875680.0835583,1,-2.6062992125984255,True,2.0964362621307373
1772875680.0851972,2,-4.403084119000523,True,2.0980751514434814
1772875680.0869687,3,2.6062992125984255,True,2.099846601486206
1772875680.0885513,4,-9.615682544197373,True,2.1014292240142822
1772875680.1833107,1,-2.6062992125984255,True,2.1961886882781982
1772875680.1860201,2,-4.403084119000523,True,2.1988980770111084
1772875680.1879926,3,2.6062992125984255,True,2.2008705139160156
1772875680.1900232,4,-9.615682544197373,True,2.2029011249542236
1772875680.2834516,1,-2.6062992125984255,True,2.2963294982910156
1772875680.285473,2,-4.403084119000523,True,2.2983510494232178
1772875680.2878513,3,2.6062992125984255,True,2.300729274749756
1772875680.2894351,4,-9.615682544197373,True,2.3023130893707275
1772875680.3833907,1,-2.6062992125984255,True,2.396268606185913
1772875680.3850908,2,-4.403084119000523,True,2.3979687690734863
1772875680.3870041,3,2.6062992125984255,True,2.3998820781707764
1772875680.3888152,4,-9.615682544197373,True,2.401693105697632
1772875680.483632,1,-2.6062992125984255,True,2.4965100288391113
1772875680.48538,2,-4.403084119000523,True,2.498257875442505
1772875680.4870007,3,2.6062992125984255,True,2.4998786449432373
1772875680.4889112,4,-9.615682544197373,True,2.501789093017578
1772875680.5834892,1,-2.6062992125984255,True,2.596367120742798
1772875680.5852516,2,-4.403084119000523,True,2.5981295108795166
1772875680.5869815,3,2.6062992125984255,True,2.5998594760894775
1772875680.5893912,4,-9.615682544197373,True,2.602269172668457
1772875680.6839948,1,-2.6062992125984255,True,2.6968727111816406
1772875680.6857462,2,-4.403084119000523,True,2.6986241340637207
1772875680.6873698,3,2.6062992125984255,True,2.7002477645874023
1772875680.6889045,4,-9.615682544197373,True,2.701782464981079
1772875680.7840822,1,-2.6062992125984255,True,2.7969601154327393
1772875680.7860858,2,-4.403084119000523,True,2.798963785171509
1772875680.7878666,3,2.6062992125984255,True,2.8007445335388184
1772875680.789594,4,-9.615682544197373,True,2.802471876144409
1772875680.8833323,1,-2.6062992125984255,True,2.896210193634033
1772875680.8849788,2,-4.403084119000523,True,2.8978567123413086
1772875680.886738,3,2.6062992125984255,True,2.899616003036499
1772875680.8884308,4,-9.615682544197373,True,2.90130877494812
1772875680.9834092,1,-2.6062992125984255,True,2.9962871074676514
1772875680.9851716,2,-4.403084119000523,True,2.99804949760437
1772875680.9868321,3,2.6062992125984255,True,2.9997100830078125
1772875680.9884522,4,-9.615682544197373,True,3.0013301372528076
1772875681.0832863,1,-2.6062992125984255,True,3.0961642265319824
1772875681.0849786,2,-4.403084119000523,True,3.0978565216064453
1772875681.0866911,3,2.6062992125984255,True,3.099569082260132
1772875681.088245,4,-9.615682544197373,True,3.1011228561401367
1772875681.1836562,1,-2.6062992125984255,True,3.1965341567993164
1772875681.1854656,2,-4.403084119000523,True,3.198343515396118
1772875681.1874492,3,2.6062992125984255,True,3.200327157974243
1772875681.1889796,4,-9.615682544197373,True,3.201857566833496
1772875681.283324,1,-2.6062992125984255,True,3.2962019443511963
1772875681.2850251,2,-4.403084119000523,True,3.297903060913086
1772875681.286676,3,2.6062992125984255,True,3.299553871154785
1772875681.2883713,4,-9.615682544197373,True,3.3012492656707764
1772875681.3834264,1,-2.6062992125984255,True,3.3963043689727783
1772875681.3851953,2,-4.403084119000523,True,3.398073196411133
1772875681.386846,3,2.6062992125984255,True,3.399724006652832
1772875681.3887205,4,-9.615682544197373,True,3.4015984535217285
1772875681.4835536,1,-2.6062992125984255,True,3.496431589126587
1772875681.4850988,2,-4.403084119000523,True,3.497976779937744
1772875681.486676,3,2.6062992125984255,True,3.499553918838501
1772875681.4881804,4,-9.615682544197373,True,3.501058340072632
1772875681.5852418,1,-2.6062992125984255,True,3.5981197357177734
1772875681.5873682,2,-4.403084119000523,True,3.6002461910247803
1772875681.589227,3,2.6062992125984255,True,3.602104902267456
1772875681.592279,4,-9.615682544197373,True,3.605156898498535
1772875681.6834786,1,-2.6062992125984255,True,3.6963565349578857
1772875681.6853306,2,-4.403084119000523,True,3.6982085704803467
1772875681.6871395,3,2.6062992125984255,True,3.7000174522399902
1772875681.68898,4,-9.615682544197373,True,3.7018580436706543
1772875681.7835734,1,-2.6062992125984255,True,3.7964513301849365
1772875681.7852821,2,-4.403084119000523,True,3.7981600761413574
1772875681.787203,3,2.6062992125984255,True,3.8000810146331787
1772875681.7889776,4,-9.615682544197373,True,3.8018555641174316
1772875681.8836658,1,-2.6062992125984255,True,3.8965437412261963
1772875681.885443,2,-4.403084119000523,True,3.8983209133148193
1772875681.8872786,3,2.6062992125984255,True,3.9001564979553223
1772875681.8890688,4,-9.615682544197373,True,3.901946783065796
1772875681.9834487,1,-2.6062992125984255,True,3.9963266849517822
1772875681.98523,2,-4.403084119000523,True,3.99810791015625
1772875681.986889,3,2.6062992125984255,True,3.9997668266296387
1772875681.988702,4,-9.615682544197373,True,4.001579999923706
1772875682.0835738,1,-2.6062992125984255,True,4.096451759338379
1772875682.0857656,2,-4.403084119000523,True,4.09864354133606
1772875682.0883434,3,2.6062992125984255,True,4.101221323013306
1772875682.0899973,4,-9.615682544197373,True,4.102875232696533
1772875682.1834373,1,-2.6062992125984255,True,4.196315288543701
1772875682.1850963,2,-4.403084119000523,True,4.19797420501709
1772875682.1868432,3,2.6062992125984255,True,4.199721097946167
1772875682.1887977,4,-9.615682544197373,True,4.201675653457642
1772875682.2833455,1,-2.6062992125984255,True,4.296223402023315
1772875682.284955,2,-4.403084119000523,True,4.29783296585083
1772875682.2866125,3,2.6062992125984255,True,4.299490451812744
1772875682.2884145,4,-9.615682544197373,True,4.301292419433594
1772875682.3833106,1,-2.6062992125984255,True,4.396188497543335
1772875682.3850567,2,-4.403084119000523,True,4.397934675216675
1772875682.386928,3,2.6062992125984255,True,4.399806022644043
1772875682.3884315,4,-9.615682544197373,True,4.401309490203857
1772875682.4833863,1,-2.6062992125984255,True,4.496264219284058
1772875682.484974,2,-4.403084119000523,True,4.497851848602295
1772875682.4866264,3,2.6062992125984255,True,4.499504327774048
1772875682.4883564,4,-9.615682544197373,True,4.501234292984009
1772875682.5832303,1,-2.6062992125984255,True,4.5961081981658936
1772875682.5850604,2,-4.403084119000523,True,4.597938299179077
1772875682.586678,3,2.6062992125984255,True,4.599555969238281
1772875682.5881646,4,-9.615682544197373,True,4.6010425090789795
1772875682.6834693,1,-2.6062992125984255,True,4.696347236633301
1772875682.685238,2,-4.403084119000523,True,4.698115825653076
1772875682.6876528,3,2.6062992125984255,True,4.700530767440796
1772875682.6893709,4,-9.615682544197373,True,4.702248811721802
1772875682.7833111,1,-2.6062992125984255,True,4.796189069747925
1772875682.7849422,2,-4.403084119000523,True,4.797820091247559
1772875682.7865698,3,2.6062992125984255,True,4.799447774887085
1772875682.7883155,4,-9.615682544197373,True,4.801193475723267
1772875682.8840134,1,-2.6062992125984255,True,4.896891355514526
1772875682.8858643,2,-4.403084119000523,True,4.898742198944092
1772875682.8878152,3,2.6062992125984255,True,4.90069317817688
1772875682.8894475,4,-9.615682544197373,True,4.902325391769409
1772875682.9832225,1,-2.6062992125984255,True,4.996100425720215
1772875682.9848962,2,-4.403084119000523,True,4.997774124145508
1772875682.9865594,3,2.6062992125984255,True,4.99943733215332
1772875682.9881732,4,-9.615682544197373,True,5.001051187515259
1772875683.0833178,1,-2.6062992125984255,True,5.096195697784424
1772875683.085028,2,-4.403084119000523,True,5.097905874252319
1772875683.0866556,3,2.6062992125984255,True,5.099533557891846
1772875683.0884354,4,-9.615682544197373,True,5.101313352584839
1772875683.1846075,1,-2.6062992125984255,True,5.197485446929932
1772875683.1864889,2,-4.403084119000523,True,5.199366807937622
1772875683.1881855,3,2.6062992125984255,True,5.201063394546509
1772875683.190882,4,-9.615682544197373,True,5.2037599086761475
1772875683.283539,1,-2.6062992125984255,True,5.296416997909546
1772875683.2852278,2,-4.403084119000523,True,5.298105716705322
1772875683.2868142,3,2.6062992125984255,True,5.299692153930664
1772875683.2887013,4,-9.615682544197373,True,5.301579236984253
1772875683.383297,1,-2.6062992125984255,True,5.396174907684326
1772875683.3848956,2,-4.403084119000523,True,5.397773504257202
1772875683.3868735,3,2.6062992125984255,True,5.399751424789429
1772875683.3886786,4,-9.615682544197373,True,5.401556491851807
1772875683.483299,1,-2.6062992125984255,True,5.4961769580841064
1772875683.484937,2,-4.403084119000523,True,5.497814893722534
1772875683.4865336,3,2.6062992125984255,True,5.499411582946777
1772875683.488366,4,-9.615682544197373,True,5.501243829727173
1772875683.583542,1,-2.6062992125984255,True,5.596420049667358
1772875683.5851958,2,-4.403084119000523,True,5.598073720932007
1772875683.5868075,3,2.6062992125984255,True,5.599685430526733
1772875683.5883372,4,-9.615682544197373,True,5.601215124130249
1772875683.6832707,1,-2.6062992125984255,True,5.696148633956909
1772875683.6849513,2,-4.403084119000523,True,5.697829246520996
1772875683.6870184,3,2.6062992125984255,True,5.699896335601807
1772875683.6885138,4,-9.615682544197373,True,5.701391696929932
1772875683.7834358,1,-2.6062992125984255,True,5.796313762664795
1772875683.7851257,2,-4.403084119000523,True,5.798003673553467
1772875683.7871563,3,2.6062992125984255,True,5.800034284591675
1772875683.7886956,4,-9.615682544197373,True,5.8015735149383545
1772875683.8832176,1,-2.6062992125984255,True,5.896095514297485
1772875683.88494,2,-4.403084119000523,True,5.897817850112915
1772875683.8866687,3,2.6062992125984255,True,5.8995466232299805
1772875683.8882864,4,-9.615682544197373,True,5.901164293289185
1772876895.7935576,2,-0.29708577195389996,True,1217.806435585022
1772876895.79598,3,-0.29542937711237016,True,1217.8088579177856
1772876895.798044,4,-4.88392391407038,True,1217.810921907425
1772876895.8916738,1,-4.99414895341374,True,1217.904551744461
1772876895.8936942,2,-0.18533218139977237,True,1217.9065721035004
1772876895.8960485,3,-0.19897951137885306,True,1217.908926486969
1772876895.8978148,4,-4.98050162343466,True,1217.910692691803
1772876895.9916174,1,-5.090094686579765,True,1218.004495382309
1772876895.9938202,2,-0.0707479978565484,True,1218.0066981315613
1772876895.9954972,3,-0.08608882715955435,True,1218.0083751678467
1772876895.9969876,4,-5.074753857276759,True,1218.0098655223846
1772876896.0918653,1,-5.187863229727591,True,1218.1047432422638
1772876896.0940406,2,0.026998502368472455,True,1218.1069185733795
1772876896.0957592,3,0.024201996691354033,True,1218.1086370944977
1772876896.0976353,4,-5.185066724050472,True,1218.1105132102966
1772876896.191773,1,-5.187551446337262,True,1218.2046508789062
1772876896.1940122,2,0.026686221646096353,True,1218.2068901062012
1772876896.1955845,3,0.02504697885958862,True,1218.2084624767303
1772876896.197147,4,-5.185912203550755,True,1218.2100248336792
1772876896.2917757,1,-5.190143538111832,True,1218.3046536445618
1772876896.2935646,2,0.029282569504337275,True,1218.3064424991608
1772876896.2952242,3,0.022454887085018527,True,1218.30810213089
1772876896.296853,4,-5.183315855692514,True,1218.3097310066223
1772876896.391957,1,-5.187111733649475,True,1218.404834985733
1772876896.3936608,2,0.0262463045250505,True,1218.4065387248993
1772876896.3955922,3,0.025486691547375262,True,1218.4084701538086
1772876896.3974576,4,-5.186352120671801,True,1218.4103355407715
1772876896.4917483,1,-5.190472411647397,True,1218.504626274109
1772876896.4934156,2,0.029129115628890645,True,1218.5062935352325
1772876896.4953876,3,0.022126013549454537,True,1218.5082654953003
1772876896.4972022,4,-5.18346930956796,True,1218.5100800991058
1772876896.5918949,1,-5.18706583198918,True,1218.6047728061676
1772876896.593734,2,0.025575056644590255,True,1218.6066119670868
1772876896.5966294,3,0.02553259320767065,True,1218.6095073223114
1772876896.5985801,4,-5.187023368552261,True,1218.6114580631256
1772876896.691517,1,-5.188398827013436,True,1218.7043950557709
1772876896.6930223,2,0.026908762487571458,True,1218.7059001922607
1772876896.6947305,3,0.024199598183415105,True,1218.70760846138
1772876896.6970713,4,-5.1856896627092794,True,1218.7099492549896
1772876896.7915154,1,-5.082620621060453,True,1218.8043932914734
1772876896.7930422,2,-0.07911422365454479,True,1218.805920124054
1772876896.7950575,3,-0.07846227020070007,True,1218.807935476303
1772876896.7968116,4,-5.083272574514298,True,1218.8096895217896
1772876896.8914626,1,-4.972157409631811,True,1218.9043405056
1772876896.893327,2,-0.18916167512347304,True,1218.9062049388885
1772876896.895563,3,-0.17679830199104352,True,1218.9084408283234
1772876896.8973947,4,-4.984520782764241,True,1218.9102725982666
1772876896.991847,1,-4.8689990895229265,True,1219.0047249794006
1772876896.9937694,2,-0.2923246657874823,True,1219.006647348404
1772876896.9960907,3,-0.2820952707518285,True,1219.00896859169
1772876896.998287,4,-4.879228484558581,True,1219.0111649036407
1772876897.0917056,1,-4.979856647970143,True,1219.1045835018158
1772876897.093453,2,-0.18158902901957807,True,1219.106330871582
1772876897.0951283,3,-0.184590287051154,True,1219.1080062389374
1772876897.0967243,4,-4.976855389938567,True,1219.1096022129059
1772876897.1919422,1,-5.090791126254058,True,1219.2048201560974
1772876897.193957,2,-0.07062999394622871,True,1219.2068350315094
1772876897.1957543,3,-0.08683196963079087,True,1219.2086322307587
1772876897.197356,4,-5.074589150569496,True,1219.210233926773
1772876897.2920232,1,-5.191141178766705,True,1219.3049011230469
1772876897.2939208,2,0.029701757101832094,True,1219.306798696518
1772876897.2956877,3,0.021123846549437886,True,1219.3085656166077
1772876897.2975662,4,-5.182563268214311,True,1219.3104441165924
1772876897.3917356,1,-5.188701066725937,True,1219.404613494873
1772876897.3933637,2,0.027507086245611934,True,1219.4062416553497
1772876897.3950982,3,0.02389735847091412,True,1219.4079761505127
1772876897.3967416,4,-5.1850913389512385,True,1219.4096195697784
1772876897.4916432,1,-5.1934899412452395,True,1219.5045211315155
1772876897.4933276,2,0.03231158622093311,True,1219.5062055587769
1772876897.4951158,3,0.01910848395161091,True,1219.5079936981201
1772876897.496611,4,-5.180286838975918,True,1219.5094890594482
1772876897.5917451,1,-5.1899984672312645,True,1219.6046230793
1772876897.5934188,2,0.028948269293992634,True,1219.6062967777252
1772876897.59527,3,0.022599957965586448,True,1219.6081478595734
1772876897.5968964,4,-5.183650155902859,True,1219.60977435112
1772876897.6914897,1,-5.1895884980424976,True,1219.7043676376343
1772876897.6943824,2,0.027664101046352307,True,1219.7072603702545
1772876897.6965833,3,0.02300992715435335,True,1219.7094612121582
1772876897.6983352,4,-5.184934324150499,True,1219.7112131118774
1772876897.7915242,1,-5.1907144922091675,True,1219.8044021129608
1772876897.793011,2,0.028792620301551164,True,1219.80588889122
1772876897.7946105,3,0.021883932987682986,True,1219.8074884414673
1772876897.7960985,4,-5.1838058048953,True,1219.8089764118195
1772876897.8916674,1,-5.190145720785075,True,1219.9045453071594
1772876897.893317,2,0.02822245017435554,True,1219.9061949253082
1772876897.8950088,3,0.02245270441177505,True,1219.9078867435455
1772876897.8967474,4,-5.184375975022496,True,1219.9096252918243
1772876897.9915152,1,-5.08302543145022,True,1220.0043931007385
1772876897.993233,2,-0.0789010636158709,True,1220.006110906601
1772876897.9956188,3,-0.07886680953536995,True,1220.008496761322
1772876897.9974363,4,-5.083059685530721,True,1220.0103142261505
1772876898.092203,1,-4.9750276026222675,True,1220.1050808429718
1772876898.0946922,2,-0.18555756845313232,True,1220.1075701713562
1772876898.096547,3,-0.18060939610240911,True,1220.109424829483
1772876898.098516,4,-4.97997577497299,True,1220.1113939285278
1772876898.1923265,1,-4.871904068535459,True,1220.205204486847
1772876898.1943154,2,-0.2864259790656676,True,1220.2071933746338
1772876898.196236,3,-0.28469473937020373,True,1220.2091138362885
1772876898.1984465,4,-4.873635308230922,True,1220.2113244533539
1772876898.292129,1,-4.982355562978749,True,1220.305006980896
1772876898.2955086,2,-0.17596401730292355,True,1220.3083865642548
1772876898.2976835,3,-0.18649895243396308,True,1220.3105614185333
1772876898.300145,4,-4.971820627847709,True,1220.313022851944
1772876898.3922,1,-5.0878029022562,True,1220.4050779342651
1772876898.3941808,2,-0.07051119763841207,True,1220.4070587158203
1772876898.39621,3,-0.08345430406409671,True,1220.409087896347
1772876898.3981411,4,-5.074859795830515,True,1220.4110190868378
1772876898.4919891,1,-5.189619031074718,True,1220.5048670768738
1772876898.494043,2,0.029090435626920375,True,1220.5069210529327
1772876898.496843,3,0.022979394122132568,True,1220.5097210407257
1772876898.4987254,4,-5.1835079895699305,True,1220.5116033554077
1772876898.5919342,1,-5.192752375621093,True,1220.6048121452332
1772876898.5936635,2,0.032235033110783906,True,1220.6065413951874
1772876898.5956666,3,0.019846049575757974,True,1220.608544588089
1772876898.5972872,4,-5.1803633920860666,True,1220.6101651191711
1772876898.6916964,1,-5.1931293809902375,True,1220.7045743465424
1772876898.6938965,2,0.03261390850055612,True,1220.7067744731903
1772876898.6961267,3,0.01946904420661344,True,1220.7090046405792
1772876898.6981366,4,-5.179984516696295,True,1220.711014509201
1772876898.7920053,1,-5.188512736611427,True,1220.8048832416534
1772876898.7938983,2,0.027981993745070266,True,1220.8067762851715
1772876898.7960544,3,0.02408568858542326,True,1220.8089323043823
1772876898.7982528,4,-5.184616431451781,True,1220.8111307621002
1772876898.8917627,1,-5.192770884452657,True,1220.904640674591
1772876898.8935487,2,0.032253631159175455,True,1220.9064266681671
1772876898.8951385,3,0.019827540744193684,True,1220.9080164432526
1772876898.8967688,4,-5.1803447940376754,True,1220.9096467494965
1772876898.991796,1,-5.189401399323949,True,1221.0046739578247
1772876898.9934587,2,0.028731996683390992,True,1221.0063366889954
1772876898.9954622,3,0.023197025872901733,True,1221.0083401203156
1772876898.9970453,4,-5.1838664285134595,True,1221.0099232196808
1772876899.09171,1,-5.190499481063421,True,1221.1045880317688
1772876899.0933661,2,0.029832905407196186,True,1221.1062440872192
1772876899.0952203,3,0.022098944133430276,True,1221.108098268509
1772876899.0968733,4,-5.182765519789655,True,1221.1097512245178
1772876899.191623,1,-5.188046681547114,True,1221.20450091362
1772876899.1933548,2,0.027375083004224976,True,1221.2062327861786
1772876899.195141,3,0.024551743649736668,True,1221.2080190181732
1772876899.1967363,4,-5.185223342192626,True,1221.209614276886
1772876899.2916527,1,-5.081210785951432,True,1221.304530620575
1772876899.2933974,2,-0.07921135650644118,True,1221.3062753677368
1772876899.2951195,3,-0.07710661692539578,True,1221.3079974651337
1772876899.2967794,4,-5.083315525532478,True,1221.3096573352814
1772876899.3920388,1,-4.9749721412670365,True,1221.4049167633057
1772876899.393746,2,-0.18544693329559614,True,1221.406623840332
1772876899.3960462,3,-0.17943917261855002,True,1221.4089241027832
1772876899.3976204,4,-4.980979901944083,True,1221.410498380661
1772876899.4918394,1,-5.082861006017691,True,1221.504717350006
1772876899.49345,2,-0.07756137898208859,True,1221.506327867508
1772876899.49515,3,-0.0789494320781583,True,1221.5080280303955
1772876899.4969041,4,-5.081472952921621,True,1221.509782075882
1772876899.5917497,1,-5.188578968985795,True,1221.604627609253
1772876899.593329,2,0.028158251952710156,True,1221.606206893921
1772876899.5949202,3,0.023783150358751115,True,1221.6077980995178
1772876899.5964956,4,-5.184203867391837,True,1221.6093735694885
1772876899.6916876,1,-5.199002686889948,True,1221.704565525055
1772876899.6933126,2,0.03821891814908707,True,1221.70619058609
1772876899.694975,3,0.01359573830690275,True,1221.7078528404236
1772876899.6968374,4,-5.174379507047764,True,1221.7097153663635
1772876899.7918649,1,-5.199299149430426,True,1221.8047428131104
1772876899.7934847,2,0.03851825777934792,True,1221.8063626289368
1772876899.7954485,3,0.013299275766424756,True,1221.8083264827728
1772876899.7973185,4,-5.174080167417503,True,1221.8101963996887
1772876899.8918958,1,-5.189456473132845,True,1221.9047737121582
1772876899.893609,2,0.02861686760503046,True,1221.9064869880676
1772876899.8954046,3,0.0231419520640066,True,1221.9082825183868
1772876899.8970737,4,-5.183981557591821,True,1221.9099516868591
1772876899.9917758,1,-5.190645521846124,True,1222.0046536922455
1772876899.9934537,2,0.02980899173203566,True,1222.0063316822052
1772876899.99538,3,0.021952903350727748,True,1222.0082578659058
1772876899.9971058,4,-5.182789433464816,True,1222.0099837779999
1772876900.0918534,1,-5.194979920359849,True,1222.1047313213348
1772876900.0934494,2,0.03402573825181987,True,1222.1063272953033
1772876900.095316,3,0.017618504837002558,True,1222.1081938743591
1772876900.0970888,4,-5.1785726869450315,True,1222.1099667549133
1772876900.1916957,1,-5.189015894466209,True,1222.2045736312866
1772876900.1933606,2,0.028037555053713525,True,1222.2062385082245
1772876900.1949792,3,0.023582530730642315,True,1222.207857131958
1772876900.197178,4,-5.184560870143137,True,1222.2100558280945
1772876900.2917259,1,-5.18879207204305,True,1222.3046038150787
1772876900.2933218,2,0.028053072543599455,True,1222.3061997890472
1772876900.295623,3,0.02380635315380042,True,1222.3085010051727
1772876900.297283,4,-5.1845453526532514,True,1222.3101608753204
1772876900.3916824,1,-5.190718119755264,True,1222.40456032753
1772876900.3933692,2,0.029844400268339566,True,1222.406247138977
1772876900.395231,3,0.021880305441587033,True,1222.4081089496613
1772876900.396841,4,-5.182754024928512,True,1222.409718990326
1772876900.4920995,1,-5.081560640762525,True,1222.504977464676
1772876900.493941,2,-0.07931890237785355,True,1222.5068190097809
1772876900.4959059,3,-0.07749777845077066,True,1222.5087838172913
1772876900.4978824,4,-5.083381764689609,True,1222.510760307312
1772876900.5922637,1,-4.974112328710191,True,1222.6051416397095
1772876900.594476,2,-0.18676162391807472,True,1222.607353925705
1772876900.5971978,3,-0.17895006963582505,True,1222.610075712204
1772876900.5997715,4,-4.981923882992442,True,1222.6126494407654
1772876900.69233,1,-4.873192170650798,True,1222.705207824707
1772876900.6943686,2,-0.2876875834484234,True,1222.707246541977
1772876900.6964736,3,-0.28662033184749314,True,1222.7093515396118
1772876900.6983893,4,-4.874259422251727,True,1222.711267232895
1772876900.7922084,1,-4.983886986664871,True,1222.8050863742828
1772876900.7954931,2,-0.1769780864611432,True,1222.8083710670471
1772876900.7980227,3,-0.18933414915251712,True,1222.8109006881714
1772876900.8005254,4,-4.971530923973496,True,1222.8134033679962
1772876900.8929236,1,-4.983886986664871,True,1222.9058015346527
1772876900.8959858,2,-0.1769780864611432,True,1222.9088637828827
1772876900.898566,3,-0.18933414915251712,True,1222.9114439487457
1772876900.9024558,4,-4.971530923973496,True,1222.9153337478638
1772876900.994114,1,-4.983886986664871,True,1223.0069918632507
1772876900.9969068,2,-0.1769780864611432,True,1223.0097846984863
1772876900.9997244,3,-0.18933414915251712,True,1223.0126023292542
1772876901.0026088,4,-4.971530923973496,True,1223.0154867172241
1772876901.0931895,1,-4.983886986664871,True,1223.1060674190521
1772876901.096566,2,-0.1769780864611432,True,1223.1094439029694
1772876901.0984514,3,-0.18933414915251712,True,1223.111329317093
1772876901.1001673,4,-4.971530923973496,True,1223.1130452156067
1772876901.1924615,1,-4.983886986664871,True,1223.2053394317627
1772876901.1944273,2,-0.1769780864611432,True,1223.2073051929474
1772876901.1966662,3,-0.18933414915251712,True,1223.2095441818237
1772876901.1990085,4,-4.971530923973496,True,1223.2118864059448
1772876901.2916696,1,-4.983886986664871,True,1223.304547548294
1772876901.2932694,2,-0.1769780864611432,True,1223.3061473369598
1772876901.2951827,3,-0.18933414915251712,True,1223.3080606460571
1772876901.296807,4,-4.971530923973496,True,1223.3096849918365
1772876901.391801,1,-4.983886986664871,True,1223.4046790599823
1772876901.3935747,2,-0.1769780864611432,True,1223.4064526557922
1772876901.3952959,3,-0.18933414915251712,True,1223.4081737995148
1772876901.3972416,4,-4.971530923973496,True,1223.4101195335388
1772876901.4918637,1,-4.983886986664871,True,1223.5047416687012
1772876901.4937057,2,-0.1769780864611432,True,1223.5065836906433
1772876901.4953685,3,-0.18933414915251712,True,1223.508246421814
1772876901.4970431,4,-4.971530923973496,True,1223.5099210739136
1772876901.592072,1,-4.983886986664871,True,1223.6049499511719
1772876901.5937715,2,-0.1769780864611432,True,1223.6066493988037
1772876901.5953553,3,-0.18933414915251712,True,1223.6082332134247
1772876901.5968862,4,-4.971530923973496,True,1223.609764099121
1772876901.6923735,1,-4.983886986664871,True,1223.705251455307
1772876901.6944697,2,-0.1769780864611432,True,1223.7073476314545
1772876901.6969104,3,-0.18933414915251712,True,1223.7097883224487
1772876901.69873,4,-4.971530923973496,True,1223.7116079330444
1772876901.7918172,1,-4.983886986664871,True,1223.8046951293945
1772876901.7934263,2,-0.1769780864611432,True,1223.806304216385
1772876901.7950456,3,-0.18933414915251712,True,1223.8079235553741
1772876901.7969007,4,-4.971530923973496,True,1223.8097786903381
1772876901.8918834,1,-4.983886986664871,True,1223.904761314392
1772876901.8936796,2,-0.1769780864611432,True,1223.906557559967
1772876901.895756,3,-0.18933414915251712,True,1223.9086339473724
1772876901.897368,4,-4.971530923973496,True,1223.9102458953857
