ts,x,y,yaw,t
1772875635.523944,1.259,1.02,0.638,0.0
1772875635.6241488,1.259,1.02,0.646,0.1002049446105957
1772875635.7238545,1.263,1.025,0.669,0.19991064071655273
1772875635.8244317,1.264,1.024,0.705,0.300487756729126
1772875635.9243891,1.265,1.026,0.733,0.40044522285461426
1772875636.0239408,1.265,1.023,0.753,0.4999969005584717
1772875636.1253262,1.266,1.029,0.76,0.6013822555541992
1772875636.224116,1.267,1.033,0.759,0.7001721858978271
1772875636.3239536,1.268,1.034,0.74,0.8000097274780273
1772875636.424036,1.271,1.04,0.721,0.9000921249389648
1772875636.5238268,1.274,1.044,0.705,0.9998829364776611
1772875636.6241763,1.278,1.046,0.696,1.1002323627471924
1772875636.7238967,1.279,1.05,0.701,1.1999528408050537
1772875636.823899,1.28,1.055,0.717,1.299955129623413
1772875636.9239726,1.283,1.062,0.734,1.4000287055969238
1772875637.0249882,1.283,1.064,0.741,1.5010442733764648
1772875637.1264613,1.285,1.066,0.734,1.6025173664093018
1772875637.2240033,1.288,1.074,0.719,1.700059413909912
1772875637.3243797,1.289,1.076,0.713,1.8004357814788818
1772875637.4240606,1.29,1.079,0.7,1.9001166820526123
1772875637.5241277,1.29,1.082,0.688,2.0001838207244873
1772875637.6239345,1.29,1.081,0.68,2.0999906063079834
1772875637.7241378,1.293,1.082,0.67,2.2001938819885254
1772875637.8239694,1.294,1.081,0.674,2.300025463104248
1772875637.9245229,1.295,1.081,0.688,2.4005789756774902
1772875638.0240116,1.298,1.079,0.707,2.500067710876465
1772875638.1241393,1.298,1.079,0.728,2.6001954078674316
1772875638.224023,1.301,1.085,0.744,2.7000792026519775
1772875638.3239703,1.301,1.088,0.751,2.8000264167785645
1772875638.4241476,1.303,1.095,0.746,2.9002037048339844
1772875638.5242152,1.303,1.097,0.733,3.0002713203430176
1772875638.6257255,1.304,1.102,0.715,3.1017816066741943
1772875638.724958,1.306,1.101,0.703,3.2010140419006348
1772875638.824448,1.307,1.101,0.707,3.300504207611084
1772875638.9241657,1.308,1.101,0.717,3.400221824645996
1772875639.0240111,1.309,1.107,0.737,3.5000672340393066
1772875639.1239815,1.312,1.108,0.758,3.6000375747680664
1772875639.2239723,1.313,1.109,0.774,3.700028419494629
1772875639.3247337,1.313,1.108,0.793,3.8007898330688477
1772875639.4240787,1.314,1.109,0.819,3.900134801864624
1772875639.5241756,1.316,1.109,0.852,4.000231742858887
1772875639.6241179,1.319,1.114,0.874,4.1001739501953125
1772875639.7240398,1.32,1.116,0.884,4.200095891952515
1772875639.8241637,1.321,1.117,0.868,4.300219774246216
1772875639.9241023,1.321,1.122,0.856,4.400158405303955
1772875640.0239449,1.321,1.129,0.84,4.500000953674316
1772875640.1239681,1.323,1.129,0.837,4.600024223327637
1772875640.2238162,1.323,1.134,0.855,4.699872255325317
1772875640.3237786,1.326,1.14,0.874,4.799834728240967
1772875640.4239688,1.327,1.142,0.877,4.900024890899658
1772875640.5245178,1.328,1.147,0.857,5.0005738735198975
1772875640.6238604,1.328,1.146,0.826,5.099916458129883
1772875640.7241654,1.331,1.146,0.809,5.200221538543701
1772875640.8241396,1.333,1.148,0.814,5.300195693969727
1772875640.924004,1.334,1.155,0.832,5.400060176849365
1772875641.0240037,1.334,1.156,0.856,5.5000598430633545
1772875641.1243489,1.335,1.162,0.889,5.600404977798462
1772875641.224171,1.337,1.165,0.885,5.7002270221710205
1772875641.3240669,1.336,1.164,0.853,5.800122976303101
1772875641.4240127,1.336,1.167,0.83,5.900068759918213
1772875641.5243165,1.336,1.169,0.829,6.000372648239136
1772875641.6239178,1.338,1.169,0.838,6.099973917007446
1772875641.7238097,1.338,1.171,0.844,6.199865818023682
1772875641.8238199,1.339,1.172,0.851,6.299875974655151
1772875641.924651,1.339,1.173,0.863,6.400707006454468
1772875642.0241978,1.343,1.175,0.879,6.500253915786743
1772875642.1241615,1.345,1.183,0.891,6.600217580795288
1772875642.2244074,1.346,1.191,0.881,6.700463533401489
1772875642.32416,1.348,1.198,0.858,6.800216197967529
1772875642.424084,1.348,1.204,0.843,6.900140047073364
1772875642.5238314,1.349,1.204,0.841,6.999887466430664
1772875642.6241753,1.35,1.203,0.857,7.100231409072876
1772875642.7247756,1.352,1.203,0.879,7.200831651687622
1772875642.8239672,1.355,1.206,0.902,7.300023317337036
1772875642.923943,1.355,1.211,0.922,7.399999141693115
1772875643.0239363,1.356,1.215,0.94,7.499992370605469
1772875643.1240487,1.357,1.214,0.955,7.600104808807373
1772875643.2250044,1.359,1.216,0.97,7.70106053352356
1772875643.324343,1.359,1.217,0.993,7.8003990650177
1772875643.4249005,1.358,1.225,1.016,7.900956630706787
1772875643.5246177,1.358,1.227,1.037,8.000673770904541
1772875643.624465,1.359,1.226,1.066,8.100521087646484
1772875643.7244067,1.362,1.232,1.095,8.200462818145752
1772875643.824312,1.363,1.239,1.11,8.300368070602417
1772875643.9243267,1.362,1.245,1.121,8.40038275718689
1772875644.024035,1.361,1.251,1.127,8.500091075897217
1772875644.1243367,1.364,1.258,1.123,8.600392818450928
1772875644.2239485,1.363,1.263,1.115,8.700004577636719
1772875644.3240573,1.365,1.264,1.109,8.800113439559937
1772875644.4244282,1.364,1.27,1.115,8.900484323501587
1772875644.5241086,1.361,1.279,1.117,9.00016474723816
1772875644.624437,1.361,1.279,1.114,9.10049319267273
1772875644.7238395,1.361,1.282,1.119,9.19989562034607
1772875644.8244364,1.359,1.289,1.134,9.300492525100708
1772875644.9241045,1.358,1.293,1.154,9.400160551071167
1772875645.0241065,1.356,1.301,1.161,9.500162601470947
1772875645.1240053,1.355,1.304,1.161,9.600061416625977
1772875645.2243538,1.355,1.306,1.17,9.700409889221191
1772875645.3240507,1.355,1.314,1.17,9.800106763839722
1772875645.4241328,1.354,1.322,1.149,9.90018892288208
1772875645.524021,1.351,1.33,1.141,10.00007700920105
1772875645.6239924,1.348,1.338,1.145,10.100048542022705
1772875645.7241445,1.346,1.345,1.139,10.20020055770874
1772875645.8242793,1.346,1.344,1.138,10.30033540725708
1772875645.9240026,1.347,1.344,1.149,10.40005874633789
1772875646.0241282,1.347,1.345,1.143,10.500184297561646
1772875646.1238298,1.348,1.345,1.13,10.599885940551758
1772875646.223861,1.348,1.344,1.125,10.699917078018188
1772875646.3240032,1.348,1.344,1.126,10.80005931854248
1772875646.4240296,1.348,1.344,1.128,10.900085687637329
1772875646.5240703,1.348,1.344,1.135,11.000126361846924
1772875646.6249685,1.349,1.344,1.15,11.101024627685547
1772875646.7242143,1.348,1.349,1.158,11.200270414352417
1772875646.825745,1.345,1.357,1.153,11.301801204681396
1772875646.9244776,1.342,1.363,1.14,11.400533676147461
1772875647.0239615,1.342,1.364,1.126,11.500017642974854
1772875647.1241674,1.342,1.364,1.123,11.600223541259766
1772875647.2240233,1.342,1.363,1.119,11.700079441070557
1772875647.3243375,1.341,1.363,1.116,11.80039358139038
1772875647.4240334,1.342,1.364,1.123,11.900089502334595
1772875647.523974,1.342,1.364,1.138,12.000030040740967
1772875647.6239307,1.343,1.363,1.153,12.099986791610718
1772875647.7238448,1.344,1.363,1.169,12.19990086555481
1772875647.824387,1.344,1.363,1.167,12.300443172454834
1772875647.923928,1.344,1.362,1.148,12.399984121322632
1772875648.0240128,1.344,1.362,1.131,12.50006890296936
1772875648.1239064,1.345,1.361,1.126,12.59996247291565
1772875648.223951,1.345,1.36,1.124,12.700007200241089
1772875648.3238227,1.345,1.359,1.128,12.7998788356781
1772875648.424651,1.346,1.358,1.146,12.900707006454468
1772875648.5242772,1.347,1.357,1.173,13.000333309173584
1772875648.6237142,1.349,1.358,1.201,13.099770307540894
1772875648.7258086,1.351,1.357,1.223,13.20186471939087
1772875648.824273,1.351,1.357,1.23,13.300329208374023
1772875648.9242795,1.348,1.364,1.229,13.400335550308228
1772875649.0241,1.346,1.369,1.227,13.500156164169312
1772875649.1244755,1.344,1.375,1.216,13.600531578063965
1772875649.223977,1.341,1.381,1.21,13.700033187866211
1772875649.323921,1.339,1.387,1.208,13.79997706413269
1772875649.4238174,1.336,1.394,1.202,13.899873495101929
1772875649.5243063,1.333,1.402,1.201,14.000362396240234
1772875649.6243963,1.33,1.409,1.208,14.100452423095703
1772875649.724068,1.327,1.416,1.212,14.200124025344849
1772875649.82384,1.324,1.423,1.213,14.299896001815796
1772875649.9241347,1.321,1.43,1.207,14.400190830230713
1772875650.0243075,1.317,1.437,1.204,14.50036358833313
1772875650.1246192,1.316,1.441,1.202,14.600675344467163
1772875650.2241201,1.315,1.441,1.195,14.700176239013672
1772875650.3245,1.312,1.449,1.186,14.800556182861328
1772875650.4244,1.309,1.454,1.174,14.900456190109253
1772875650.523761,1.306,1.461,1.165,14.999817132949829
1772875650.623852,1.304,1.468,1.149,15.099908113479614
1772875650.7239327,1.301,1.474,1.131,15.199988842010498
1772875650.823928,1.298,1.482,1.126,15.299984216690063
1772875650.9242842,1.297,1.485,1.129,15.40034031867981
1772875651.0240629,1.296,1.488,1.138,15.500118970870972
1772875651.1239643,1.295,1.494,1.145,15.600020408630371
1772875651.2238326,1.293,1.501,1.143,15.699888706207275
1772875651.325399,1.291,1.504,1.147,15.801455020904541
1772875651.4238331,1.289,1.511,1.158,15.89988923072815
1772875651.5245535,1.288,1.514,1.176,16.000609636306763
1772875651.624115,1.286,1.519,1.196,16.100171089172363
1772875651.724807,1.285,1.526,1.206,16.200863122940063
1772875651.8252304,1.282,1.531,1.193,16.301286458969116
1772875651.9238322,1.279,1.538,1.177,16.399888277053833
1772875652.0239704,1.28,1.538,1.178,16.50002646446228
1772875652.1247616,1.282,1.539,1.187,16.600817680358887
1772875652.2239916,1.282,1.537,1.194,16.700047731399536
1772875652.3238478,1.281,1.541,1.204,16.799903869628906
1772875652.4245045,1.279,1.548,1.215,16.9005606174469
1772875652.5238855,1.277,1.556,1.227,16.99994158744812
1772875652.6239822,1.276,1.563,1.231,17.100038290023804
1772875652.7266166,1.273,1.568,1.223,17.202672719955444
1772875652.8260574,1.269,1.576,1.216,17.30211353302002
1772875652.924124,1.267,1.583,1.207,17.400180101394653
1772875653.0241122,1.264,1.59,1.208,17.500168323516846
1772875653.123938,1.262,1.598,1.211,17.59999418258667
1772875653.2250023,1.262,1.606,1.199,17.701058387756348
1772875653.3240838,1.259,1.612,1.184,17.800139904022217
1772875653.424184,1.256,1.618,1.182,17.900240182876587
1772875653.5241103,1.257,1.617,1.182,18.000166416168213
1772875653.6243913,1.257,1.617,1.189,18.100447416305542
1772875653.7275603,1.26,1.619,1.205,18.20361638069153
1772875653.8239326,1.261,1.619,1.204,18.299988746643066
1772875653.924819,1.26,1.623,1.192,18.400875091552734
1772875654.0237978,1.257,1.629,1.17,18.49985384941101
1772875654.1238463,1.256,1.635,1.152,18.599902391433716
1772875654.2238114,1.254,1.638,1.131,18.699867486953735
1772875654.3244832,1.255,1.637,1.116,18.800539255142212
1772875654.4240227,1.252,1.641,1.097,18.900078773498535
1772875654.5242708,1.251,1.649,1.071,19.00032687187195
1772875654.6240401,1.249,1.653,1.044,19.100096225738525
1772875654.7240756,1.249,1.652,1.016,19.20013165473938
1772875654.8238971,1.249,1.65,0.985,19.29995322227478
1772875654.9241042,1.249,1.649,0.96,19.400160312652588
1772875655.0241466,1.249,1.647,0.939,19.500202655792236
1772875655.124766,1.25,1.647,0.925,19.60082221031189
1772875655.2239563,1.25,1.645,0.922,19.70001244544983
1772875655.323811,1.251,1.643,0.923,19.799867153167725
1772875655.4239807,1.253,1.642,0.93,19.900036811828613
1772875655.5247607,1.253,1.641,0.941,20.000816822052002
1772875655.6241875,1.254,1.64,0.957,20.10024356842041
1772875655.7241251,1.255,1.64,0.971,20.200181245803833
1772875655.8241549,1.256,1.639,0.983,20.30021095275879
1772875655.923957,1.256,1.639,0.993,20.400013208389282
1772875656.0241075,1.256,1.638,1.0,20.500163555145264
1772875656.1241949,1.255,1.646,1.006,20.600250959396362
1772875656.2239394,1.255,1.654,1.009,20.699995517730713
1772875656.3238733,1.253,1.662,1.011,20.79992938041687
1772875656.4240706,1.252,1.67,1.013,20.900126695632935
1772875656.523823,1.251,1.675,1.009,20.999879121780396
1772875656.6241128,1.25,1.677,0.995,21.10016894340515
1772875656.7239475,1.248,1.684,0.968,21.200003623962402
1772875656.8238852,1.248,1.684,0.939,21.299941301345825
1772875656.9238346,1.247,1.683,0.917,21.399890661239624
1772875657.0248275,1.247,1.682,0.898,21.50088357925415
1772875657.1242483,1.247,1.68,0.876,21.60030436515808
1772875657.2245147,1.25,1.679,0.857,21.700570821762085
1772875657.3250525,1.25,1.678,0.839,21.801108598709106
1772875657.4239054,1.25,1.677,0.82,21.899961471557617
1772875657.5243328,1.25,1.676,0.815,22.000388860702515
1772875657.6259859,1.25,1.675,0.819,22.102041959762573
1772875657.7240443,1.25,1.673,0.829,22.200100421905518
1772875657.8248026,1.251,1.672,0.839,22.300858736038208
1772875657.9242857,1.252,1.67,0.851,22.400341749191284
1772875658.0256195,1.252,1.668,0.862,22.501675605773926
1772875658.1238835,1.254,1.667,0.873,22.599939584732056
1772875658.224067,1.255,1.666,0.886,22.700123071670532
1772875658.3243663,1.256,1.665,0.896,22.800422430038452
1772875658.424097,1.257,1.664,0.902,22.900153160095215
1772875658.524296,1.258,1.663,0.908,23.000352144241333
1772875658.6240606,1.259,1.663,0.914,23.100116729736328
1772875658.7240045,1.26,1.662,0.919,23.200060606002808
1772875658.8248246,1.26,1.661,0.929,23.300880670547485
1772875658.9240332,1.261,1.66,0.937,23.400089263916016
1772875659.023937,1.262,1.66,0.942,23.499993085861206
1772875659.124385,1.262,1.658,0.949,23.600441217422485
1772875659.2239995,1.264,1.658,0.95,23.700055599212646
1772875659.324113,1.266,1.657,0.956,23.800168991088867
1772875659.4239686,1.266,1.656,0.96,23.90002465248108
1772875659.5238628,1.267,1.655,0.967,23.999918937683105
1772875659.6239364,1.267,1.654,0.975,24.099992513656616
1772875659.724339,1.267,1.653,0.981,24.200395107269287
1772875659.8240113,1.268,1.653,0.985,24.30006742477417
1772875659.9240015,1.268,1.652,0.989,24.400057554244995
1772875660.0238974,1.269,1.652,0.992,24.499953508377075
1772875660.1239998,1.269,1.651,0.994,24.600055932998657
1772875660.2239218,1.269,1.65,1.002,24.69997787475586
1772875660.3243058,1.269,1.65,1.01,24.80036187171936
1772875660.4249127,1.27,1.65,1.017,24.90096879005432
1772875660.525139,1.271,1.649,1.03,25.001195192337036
1772875660.624411,1.271,1.648,1.046,25.100467205047607
1772875660.7240808,1.272,1.646,1.07,25.20013689994812
1772875660.8242488,1.274,1.644,1.101,25.300304889678955
1772875660.9248433,1.276,1.641,1.137,25.400899410247803
1772875661.0246842,1.278,1.639,1.177,25.50074028968811
1772875661.1239934,1.279,1.637,1.214,25.60004949569702
1772875661.2239852,1.281,1.635,1.238,25.7000412940979
1772875661.324129,1.282,1.635,1.251,25.800185203552246
1772875661.4240851,1.282,1.634,1.25,25.90014123916626
1772875661.5242343,1.281,1.635,1.238,26.000290393829346
1772875661.6243815,1.281,1.638,1.231,26.1004376411438
1772875661.7245715,1.278,1.643,1.234,26.20062756538391
1772875661.8246777,1.279,1.646,1.237,26.30073380470276
1772875661.9241686,1.28,1.652,1.23,26.400224685668945
1772875662.025262,1.28,1.654,1.225,26.501318216323853
1772875662.1251554,1.278,1.658,1.232,26.601211547851562
1772875662.2238295,1.282,1.663,1.236,26.699885606765747
1772875662.323878,1.282,1.667,1.246,26.799934148788452
1772875662.4246182,1.284,1.672,1.252,26.90067434310913
1772875662.5244029,1.287,1.674,1.241,27.00045895576477
1772875662.624635,1.291,1.677,1.234,27.100691080093384
1772875662.7240689,1.297,1.68,1.239,27.200124979019165
1772875662.8241951,1.3,1.685,1.242,27.300251245498657
1772875662.9244535,1.307,1.691,1.252,27.40050959587097
1772875663.0245874,1.314,1.695,1.261,27.500643491744995
1772875663.125027,1.319,1.697,1.27,27.601083040237427
1772875663.2244174,1.324,1.702,1.273,27.70047354698181
1772875663.326917,1.327,1.707,1.268,27.80297303199768
1772875663.424055,1.33,1.708,1.269,27.900111198425293
1772875663.5242455,1.333,1.711,1.276,28.000301599502563
1772875663.6240897,1.339,1.713,1.288,28.10014581680298
1772875663.723878,1.343,1.715,1.31,28.199934005737305
1772875663.8245173,1.348,1.72,1.333,28.300573348999023
1772875663.9247673,1.351,1.724,1.358,28.40082335472107
1772875664.0240552,1.355,1.73,1.38,28.50011134147644
1772875664.1240323,1.356,1.731,1.399,28.600088357925415
1772875664.2239745,1.359,1.735,1.421,28.70003056526184
1772875664.3242154,1.359,1.739,1.452,28.80027151107788
1772875664.4240787,1.361,1.739,1.475,28.900134801864624
1772875664.5256147,1.364,1.743,1.469,29.001670837402344
1772875664.6239226,1.364,1.753,1.48,29.09997868537903
1772875664.7239,1.365,1.756,1.487,29.19995617866516
1772875664.8250415,1.368,1.763,1.473,29.301097631454468
1772875664.9238968,1.367,1.769,1.458,29.39995288848877
1772875665.0239797,1.369,1.776,1.454,29.500035762786865
1772875665.124302,1.371,1.783,1.452,29.60035800933838
1772875665.2244084,1.375,1.786,1.455,29.700464487075806
1772875665.323906,1.381,1.792,1.463,29.799962043762207
1772875665.4250517,1.384,1.797,1.477,29.901107788085938
1772875665.5238564,1.388,1.802,1.465,29.99991250038147
1772875665.6245062,1.39,1.812,1.465,30.10056233406067
1772875665.7239814,1.393,1.817,1.471,30.200037479400635
1772875665.8244405,1.393,1.82,1.465,30.300496578216553
1772875665.9241018,1.399,1.826,1.463,30.400157928466797
1772875666.024087,1.404,1.833,1.475,30.50014305114746
1772875666.12472,1.404,1.833,1.475,30.600776195526123
1772875666.2246952,1.407,1.838,1.48,30.700751304626465
1772875666.3244028,1.411,1.845,1.485,30.800458908081055
1772875666.4237688,1.41,1.849,1.484,30.899824857711792
1772875666.5246735,1.415,1.86,1.476,31.00072956085205
1772875666.624196,1.417,1.865,1.479,31.100252151489258
1772875666.7249787,1.419,1.872,1.489,31.201034784317017
1772875666.8243065,1.421,1.879,1.487,31.300362586975098
1772875666.925178,1.422,1.884,1.493,31.40123414993286
1772875667.0243874,1.426,1.888,1.497,31.50044345855713
1772875667.1244564,1.426,1.893,1.499,31.600512504577637
1772875667.2240927,1.431,1.896,1.496,31.700148820877075
1772875667.3239038,1.432,1.898,1.487,31.799959897994995
1772875667.4239283,1.433,1.9,1.487,31.89998435974121
1772875667.5238986,1.437,1.905,1.484,31.99995470046997
1772875667.6239126,1.438,1.908,1.484,32.099968671798706
1772875667.7241497,1.442,1.913,1.484,32.20020580291748
1772875667.8240275,1.447,1.918,1.482,32.30008363723755
1772875667.9242191,1.452,1.923,1.485,32.400275230407715
1772875668.0246212,1.454,1.928,1.485,32.50067734718323
1772875668.1240468,1.458,1.933,1.483,32.60010290145874
1772875668.2240937,1.463,1.937,1.48,32.70014977455139
1772875668.3244085,1.467,1.943,1.481,32.80046463012695
1772875668.4243202,1.47,1.949,1.48,32.900376319885254
1772875668.524037,1.475,1.954,1.478,33.00009298324585
1772875668.6251853,1.479,1.958,1.48,33.10124135017395
1772875668.7241485,1.479,1.963,1.481,33.200204610824585
1772875668.8246343,1.482,1.97,1.476,33.30069041252136
1772875668.924106,1.485,1.975,1.481,33.40016198158264
1772875669.024382,1.486,1.981,1.483,33.50043821334839
1772875669.1248345,1.49,1.984,1.481,33.60089063644409
1772875669.2244983,1.492,1.989,1.483,33.70055437088013
1772875669.323993,1.5,1.995,1.486,33.80004906654358
1772875669.4240537,1.503,1.998,1.487,33.90010976791382
1772875669.5245051,1.509,2.004,1.489,34.000561237335205
1772875669.6253843,1.516,2.011,1.49,34.1014404296875
1772875669.724122,1.522,2.016,1.493,34.200178146362305
1772875669.8295715,1.523,2.018,1.491,34.3056275844574
1772875669.9242935,1.527,2.023,1.493,34.400349617004395
1772875670.024372,1.532,2.026,1.489,34.500428199768066
1772875670.1241956,1.535,2.03,1.491,34.6002516746521
1772875670.224442,1.54,2.033,1.493,34.70049810409546
1772875670.3238885,1.545,2.038,1.492,34.79994463920593
1772875670.4240272,1.547,2.039,1.491,34.90008330345154
1772875670.524319,1.552,2.043,1.492,35.00037503242493
1772875670.6241198,1.555,2.049,1.492,35.100175857543945
1772875670.7243667,1.558,2.052,1.493,35.20042276382446
1772875670.824319,1.564,2.057,1.484,35.30037498474121
1772875670.9241295,1.569,2.061,1.486,35.40018558502197
1772875671.0246232,1.576,2.067,1.484,35.50067925453186
1772875671.1240492,1.582,2.072,1.485,35.60010528564453
1772875671.2249854,1.589,2.078,1.486,35.70104146003723
1772875671.3242254,1.594,2.082,1.483,35.8002815246582
1772875671.4238558,1.598,2.085,1.485,35.899911880493164
1772875671.52393,1.604,2.09,1.487,35.99998617172241
1772875671.6240287,1.605,2.092,1.484,36.10008478164673
1772875671.7240524,1.612,2.097,1.484,36.20010852813721
1772875671.8238819,1.617,2.101,1.481,36.29993796348572
1772875671.923847,1.623,2.106,1.477,36.39990305900574
1772875672.0239015,1.63,2.11,1.48,36.49995756149292
1772875672.1238887,1.634,2.108,1.472,36.599944829940796
1772875672.2246208,1.644,2.115,1.468,36.700676918029785
1772875672.3243,1.649,2.116,1.474,36.80035614967346
1772875672.4244585,1.652,2.115,1.463,36.90051460266113
1772875672.5246346,1.661,2.118,1.456,37.00069069862366
1772875672.6242154,1.671,2.119,1.456,37.100271463394165
1772875672.7238054,1.677,2.121,1.446,37.19986152648926
1772875672.8244152,1.687,2.123,1.445,37.30047130584717
1772875672.9241836,1.695,2.124,1.447,37.40023970603943
1772875673.0245373,1.702,2.124,1.441,37.500593423843384
1772875673.124357,1.711,2.128,1.434,37.60041308403015
1772875673.2243476,1.719,2.131,1.436,37.700403690338135
1772875673.3240635,1.729,2.132,1.431,37.80011963844299
1772875673.4243145,1.739,2.13,1.42,37.900370597839355
1772875673.5245814,1.749,2.125,1.403,38.00063753128052
1772875673.6240904,1.759,2.123,1.387,38.100146532058716
1772875673.724104,1.766,2.122,1.385,38.20016002655029
1772875673.8242228,1.775,2.122,1.382,38.30027890205383
1772875673.9237978,1.783,2.123,1.384,38.39985394477844
1772875674.0242965,1.79,2.122,1.389,38.50035262107849
1772875674.1247213,1.801,2.124,1.379,38.60077738761902
1772875674.2244937,1.81,2.118,1.366,38.700549840927124
1772875674.324201,1.818,2.119,1.37,38.800257205963135
1772875674.4247482,1.823,2.12,1.388,38.90080428123474
1772875674.5239813,1.832,2.123,1.392,39.00003743171692
1772875674.6240509,1.839,2.124,1.394,39.100106954574585
1772875674.7239757,1.844,2.119,1.383,39.200031757354736
1772875674.8242888,1.86,2.116,1.358,39.300344944000244
1772875674.9249833,1.867,2.117,1.369,39.401039361953735
1772875675.0242193,1.872,2.116,1.383,39.50027537345886
1772875675.1238537,1.881,2.116,1.385,39.59990978240967
1772875675.2265892,1.887,2.114,1.364,39.70264530181885
1772875675.3238258,1.892,2.112,1.34,39.79988193511963
1772875675.4248428,1.903,2.11,1.309,39.900898933410645
1772875675.5241497,1.913,2.109,1.302,40.000205755233765
1772875675.6238704,1.922,2.109,1.284,40.099926471710205
1772875675.7247863,1.93,2.109,1.26,40.20084238052368
1772875675.8238537,1.941,2.108,1.224,40.299909830093384
1772875675.9237943,1.949,2.105,1.183,40.399850368499756
1772875676.024,1.956,2.104,1.16,40.50005602836609
1772875676.1240478,1.966,2.099,1.11,40.60010385513306
1772875676.224655,1.973,2.097,1.075,40.7007110118866
1772875676.3241224,1.987,2.09,1.027,40.80017852783203
1772875676.4239979,1.996,2.083,0.989,40.90005397796631
1772875676.525066,2.006,2.074,0.943,41.00112199783325
1772875676.624417,2.012,2.067,0.902,41.100473165512085
1772875676.724443,2.023,2.056,0.849,41.200499057769775
1772875676.8241785,2.034,2.043,0.808,41.30023455619812
1772875676.9239388,2.04,2.023,0.758,41.39999485015869
1772875677.0238254,2.048,2.007,0.714,41.49988150596619
1772875677.1251566,2.054,1.99,0.667,41.60121273994446
1772875677.224131,2.062,1.974,0.624,41.70018720626831
1772875677.3243213,2.068,1.955,0.584,41.800377368927
1772875677.424108,2.072,1.938,0.565,41.90016412734985
1772875677.5242805,2.076,1.925,0.534,42.00033664703369
1772875677.623876,2.081,1.91,0.487,42.0999321937561
1772875677.7238843,2.085,1.896,0.461,42.19994044303894
1772875677.82385,2.089,1.88,0.44,42.29990601539612
1772875677.9246507,2.091,1.865,0.424,42.40070676803589
1772875678.0240474,2.096,1.852,0.402,42.50010347366333
1772875678.123871,2.098,1.836,0.385,42.59992718696594
1772875678.2243223,2.101,1.82,0.373,42.70037841796875
1772875678.324349,2.101,1.803,0.36,42.80040502548218
1772875678.4242592,2.105,1.785,0.345,42.900315284729004
1772875678.5265949,2.106,1.769,0.334,43.00265097618103
1772875678.6240833,2.107,1.753,0.322,43.10013937950134
1772875678.7240758,2.11,1.737,0.316,43.20013189315796
1772875678.8245885,2.11,1.719,0.309,43.300644636154175
1772875678.9238446,2.107,1.7,0.298,43.399900674819946
1772875679.0246022,2.106,1.682,0.29,43.5006582736969
1772875679.12457,2.106,1.663,0.277,43.60062599182129
1772875679.2240295,2.104,1.642,0.265,43.70008563995361
1772875679.3240588,2.103,1.623,0.252,43.80011487007141
1772875679.4248548,2.101,1.608,0.249,43.9009108543396
1772875679.5244517,2.097,1.592,0.244,44.000507831573486
1772875679.6244032,2.095,1.575,0.237,44.1004593372345
1772875679.7247317,2.093,1.557,0.239,44.20078778266907
1772875679.8241596,2.09,1.539,0.241,44.30021572113037
1772875679.9239488,2.086,1.517,0.246,44.400004863739014
1772875680.02397,2.082,1.496,0.252,44.50002598762512
1772875680.1241095,2.078,1.477,0.26,44.600165605545044
1772875680.2242184,2.077,1.458,0.261,44.70027446746826
1772875680.3240013,2.077,1.44,0.258,44.80005741119385
1772875680.4241242,2.078,1.421,0.256,44.90018033981323
1772875680.5241249,2.079,1.408,0.253,45.00018095970154
1772875680.6241057,2.078,1.388,0.251,45.10016179084778
1772875680.7244508,2.074,1.368,0.251,45.200506925582886
1772875680.824115,2.071,1.347,0.248,45.30017113685608
1772875680.9243252,2.067,1.324,0.249,45.400381326675415
1772875681.0238702,2.066,1.304,0.248,45.49992632865906
1772875681.1241243,2.061,1.283,0.246,45.60018038749695
1772875681.2241626,2.056,1.259,0.245,45.70021867752075
1772875681.3250482,2.053,1.236,0.244,45.80110430717468
1772875681.4253337,2.054,1.216,0.243,45.901389837265015
1772875681.524025,2.056,1.195,0.242,46.000081062316895
1772875681.6247406,2.054,1.181,0.254,46.100796699523926
1772875681.7241168,2.05,1.162,0.259,46.200172901153564
1772875681.824195,2.053,1.138,0.26,46.30025100708008
1772875681.9242206,2.051,1.115,0.277,46.40027666091919
1772875682.0241148,2.047,1.089,0.295,46.500170946121216
1772875682.1244614,2.043,1.071,0.308,46.6005175113678
1772875682.2239192,2.04,1.053,0.291,46.69997525215149
1772875682.3240068,2.043,1.028,0.238,46.80006289482117
1772875682.4239361,2.048,1.022,0.203,46.89999222755432
1772875682.5240414,2.045,1.002,0.16,47.00009751319885
1772875682.624321,2.036,0.979,0.115,47.10037708282471
1772875682.7241204,2.033,0.965,0.081,47.20017647743225
1772875682.824255,2.029,0.949,0.045,47.30031108856201
1772875682.924102,2.027,0.935,0.008,47.400158166885376
1772875683.0240068,2.021,0.919,-0.049,47.50006294250488
1772875683.1240816,2.016,0.901,-0.11,47.60013771057129
1772875683.2241561,2.007,0.885,-0.15,47.700212240219116
1772875683.3242612,1.996,0.869,-0.193,47.80031728744507
1772875683.4247751,1.988,0.854,-0.236,47.90083122253418
1772875683.5240583,1.977,0.842,-0.275,48.00011444091797
1772875683.6241813,1.968,0.826,-0.323,48.10023736953735
1772875683.7241895,1.955,0.807,-0.368,48.20024561882019
1772875683.8252044,1.936,0.795,-0.397,48.301260471343994
1772875683.9242616,1.922,0.784,-0.428,48.400317668914795
1772875684.0242548,1.912,0.773,-0.476,48.50031089782715
1772875684.124194,1.904,0.767,-0.507,48.600250005722046
1772875684.2240372,1.893,0.758,-0.551,48.700093269348145
1772875684.3239179,1.88,0.75,-0.59,48.79997396469116
1772875684.4238234,1.869,0.741,-0.626,48.899879455566406
1772875684.5238397,1.869,0.739,-0.657,48.99989581108093
1772875684.6238377,1.869,0.74,-0.656,49.09989380836487
1772875684.7238712,1.869,0.74,-0.654,49.19992733001709
1772875686.423997,1.869,0.74,-0.654,50.90005302429199
1772875693.2239742,1.869,0.74,-0.654,57.70003032684326
1772876852.5611055,1.416,1.142,-0.069,1217.0371615886688
1772876852.6624482,1.42,1.153,-0.065,1217.138504266739
1772876852.7614229,1.428,1.16,-0.068,1217.2374789714813
1772876852.8619769,1.433,1.164,-0.066,1217.3380329608917
1772876852.9611747,1.437,1.168,-0.068,1217.4372308254242
1772876853.062191,1.443,1.173,-0.069,1217.5382471084595
1772876853.1612315,1.444,1.178,-0.067,1217.6372876167297
1772876853.2612677,1.449,1.184,-0.069,1217.7373237609863
1772876853.361276,1.454,1.189,-0.07,1217.8373320102692
1772876853.461492,1.459,1.193,-0.071,1217.937548160553
1772876853.561172,1.462,1.198,-0.068,1218.0372281074524
1772876853.661222,1.469,1.205,-0.068,1218.1372780799866
1772876853.7617838,1.473,1.209,-0.067,1218.23783993721
1772876853.8613355,1.482,1.217,-0.068,1218.337391614914
1772876853.9610407,1.487,1.222,-0.067,1218.4370968341827
1772876854.0614212,1.49,1.227,-0.066,1218.5374772548676
1772876854.1612906,1.495,1.233,-0.068,1218.6373467445374
1772876854.2613397,1.503,1.239,-0.069,1218.7373957633972
1772876854.3617435,1.507,1.244,-0.067,1218.8377995491028
1772876854.4618618,1.512,1.25,-0.071,1218.9379179477692
1772876854.5614674,1.518,1.255,-0.072,1219.037523508072
1772876854.6612926,1.521,1.259,-0.071,1219.137348651886
1772876854.7616436,1.525,1.262,-0.069,1219.2376997470856
1772876854.8613625,1.53,1.268,-0.067,1219.3374185562134
1772876854.9612122,1.535,1.273,-0.067,1219.437268257141
1772876855.0614123,1.539,1.276,-0.067,1219.5374684333801
1772876855.1614969,1.543,1.279,-0.067,1219.6375529766083
1772876855.2612188,1.544,1.28,-0.067,1219.7372748851776
1772876855.3613315,1.55,1.285,-0.066,1219.837387561798
1772876855.4615831,1.555,1.288,-0.069,1219.9376392364502
1772876855.561398,1.555,1.288,-0.075,1220.0374541282654
1772876855.6612864,1.559,1.293,-0.074,1220.137342453003
1772876855.7616718,1.562,1.295,-0.071,1220.237727880478
1772876855.8612578,1.563,1.299,-0.068,1220.3373138904572
1772876855.9612803,1.57,1.305,-0.067,1220.4373364448547
1772876856.0613458,1.573,1.308,-0.068,1220.5374019145966
1772876856.1613567,1.578,1.313,-0.069,1220.6374127864838
1772876856.2611823,1.58,1.314,-0.066,1220.737238407135
1772876856.3612964,1.58,1.318,-0.067,1220.837352514267
1772876856.461346,1.584,1.322,-0.071,1220.937402009964
1772876856.5612524,1.586,1.324,-0.07,1221.0373084545135
1772876856.6618545,1.586,1.324,-0.068,1221.137910604477
1772876856.7621028,1.59,1.329,-0.07,1221.238158941269
1772876856.861285,1.593,1.332,-0.071,1221.3373410701752
1772876856.9617016,1.593,1.332,-0.066,1221.437757730484
1772876857.0610075,1.598,1.337,-0.066,1221.5370635986328
1772876857.161309,1.602,1.34,-0.067,1221.637365102768
1772876857.2611003,1.602,1.34,-0.066,1221.7371563911438
1772876857.3613195,1.602,1.34,-0.068,1221.8373756408691
1772876857.4617612,1.605,1.342,-0.066,1221.9378173351288
1772876857.5611997,1.607,1.347,-0.067,1222.0372557640076
1772876857.6613336,1.61,1.35,-0.07,1222.1373896598816
1772876857.7611568,1.614,1.353,-0.072,1222.237212896347
1772876857.8612125,1.616,1.356,-0.067,1222.3372685909271
1772876857.962317,1.618,1.358,-0.066,1222.4383730888367
1772876858.0617483,1.619,1.363,-0.074,1222.537804365158
1772876858.1613383,1.619,1.363,-0.071,1222.6373944282532
1772876858.2612495,1.621,1.365,-0.063,1222.7373056411743
1772876858.3611453,1.627,1.37,-0.067,1222.8372013568878
1772876858.461196,1.63,1.372,-0.067,1222.9372520446777
1772876858.5612085,1.631,1.373,-0.064,1223.037264585495
1772876858.6610296,1.634,1.376,-0.068,1223.1370856761932
1772876858.7621405,1.638,1.38,-0.075,1223.2381966114044
1772876858.861258,1.636,1.383,-0.073,1223.3373141288757
1772876858.9610577,1.639,1.386,-0.064,1223.4371137619019
1772876859.0611007,1.642,1.389,-0.068,1223.5371568202972
1772876859.1626182,1.643,1.392,-0.073,1223.6386742591858
1772876859.2616537,1.645,1.393,-0.068,1223.737709760666
1772876859.3612967,1.646,1.394,-0.063,1223.8373527526855
1772876859.461212,1.646,1.394,-0.067,1223.9372680187225
1772876859.5611622,1.648,1.396,-0.067,1224.0372183322906
1772876859.6609523,1.655,1.404,-0.065,1224.1370084285736
1772876859.7610795,1.658,1.406,-0.065,1224.2371356487274
1772876859.8620665,1.663,1.411,-0.071,1224.3381226062775
1772876859.9617212,1.667,1.414,-0.071,1224.4377772808075
1772876860.061284,1.667,1.414,-0.065,1224.5373401641846
1772876860.1618097,1.669,1.416,-0.065,1224.637865781784
1772876860.2613003,1.672,1.419,-0.068,1224.7373564243317
1772876860.3612645,1.674,1.423,-0.068,1224.8373205661774
1772876860.4613006,1.675,1.426,-0.063,1224.937356710434
1772876860.5618713,1.678,1.429,-0.063,1225.037927389145
1772876860.6613886,1.681,1.431,-0.064,1225.1374447345734
1772876860.7611942,1.683,1.433,-0.065,1225.237250328064
1772876860.861163,1.681,1.436,-0.065,1225.3372189998627
1772876860.9612172,1.682,1.437,-0.066,1225.4372732639313
1772876861.0612664,1.682,1.437,-0.066,1225.5373225212097
1772876861.161172,1.685,1.439,-0.067,1225.637228012085
1772876861.2612288,1.688,1.44,-0.067,1225.737284898758
1772876861.361947,1.69,1.442,-0.064,1225.8380031585693
1772876861.461416,1.692,1.443,-0.065,1225.9374721050262
1772876861.561346,1.69,1.445,-0.068,1226.0374021530151
1772876861.6612866,1.693,1.448,-0.064,1226.1373426914215
1772876861.7611647,1.696,1.451,-0.062,1226.2372207641602
1772876861.8615506,1.7,1.454,-0.065,1226.3376066684723
1772876861.9616935,1.704,1.458,-0.066,1226.4377496242523
1772876862.0611324,1.705,1.459,-0.064,1226.5371885299683
1772876862.1612332,1.707,1.461,-0.064,1226.6372892856598
1772876862.2611308,1.711,1.465,-0.063,1226.737186908722
1772876862.361382,1.716,1.469,-0.067,1226.8374381065369
1772876862.461351,1.716,1.472,-0.069,1226.9374070167542
1772876862.5611944,1.716,1.472,-0.067,1227.0372505187988
1772876862.6618826,1.719,1.472,-0.062,1227.1379387378693
1772876862.761721,1.721,1.474,-0.061,1227.2377769947052
1772876862.861345,1.724,1.476,-0.064,1227.337401151657
1772876862.9613328,1.725,1.477,-0.067,1227.4373888969421
1772876863.0614054,1.725,1.48,-0.066,1227.5374615192413
1772876863.1614585,1.727,1.481,-0.064,1227.637514591217
1772876863.2612932,1.727,1.481,-0.063,1227.7373492717743
1772876863.3613198,1.727,1.481,-0.064,1227.8373758792877
1772876863.4618235,1.731,1.485,-0.066,1227.937879562378
1772876863.5612516,1.732,1.486,-0.066,1228.0373077392578
1772876863.6615782,1.735,1.494,-0.063,1228.1376342773438
1772876863.761139,1.739,1.498,-0.064,1228.2371950149536
1772876863.8614864,1.739,1.5,-0.063,1228.3375425338745
1772876863.9610677,1.742,1.502,-0.064,1228.4371237754822
1772876864.0613527,1.745,1.505,-0.063,1228.5374088287354
1772876864.1612191,1.746,1.506,-0.064,1228.6372752189636
1772876864.2616181,1.745,1.514,-0.061,1228.7376742362976
1772876864.361231,1.746,1.516,-0.061,1228.8372871875763
1772876864.462644,1.747,1.517,-0.062,1228.9387001991272
1772876864.561442,1.747,1.518,-0.064,1229.037497997284
1772876864.6616826,1.746,1.521,-0.062,1229.1377387046814
1772876864.7614572,1.748,1.523,-0.063,1229.2375133037567
1772876864.8610227,1.752,1.527,-0.062,1229.3370788097382
1772876864.9614272,1.753,1.528,-0.061,1229.4374833106995
1772876865.0618808,1.755,1.53,-0.063,1229.537936925888
1772876865.162205,1.754,1.532,-0.065,1229.6382610797882
1772876865.261655,1.755,1.534,-0.066,1229.7377111911774
1772876865.3611672,1.759,1.537,-0.064,1229.837223291397
1772876865.461234,1.762,1.54,-0.062,1229.9372901916504
1772876865.5617425,1.765,1.543,-0.063,1230.0377986431122
1772876865.6617765,1.767,1.545,-0.063,1230.1378326416016
1772876865.7613525,1.771,1.551,-0.062,1230.2374086380005
1772876865.8614018,1.772,1.552,-0.065,1230.337457895279
1772876865.9612284,1.776,1.556,-0.064,1230.4372844696045
1772876866.0618355,1.777,1.558,-0.062,1230.537891626358
1772876866.1612015,1.778,1.56,-0.064,1230.6372575759888
1772876866.2611878,1.778,1.56,-0.064,1230.7372438907623
1772876866.3620818,1.78,1.562,-0.065,1230.8381378650665
1772876866.4610841,1.778,1.567,-0.065,1230.9371402263641
1772876866.5626235,1.778,1.567,-0.065,1231.038679599762
1772876866.6617389,1.779,1.567,-0.062,1231.137794971466
1772876866.762372,1.781,1.569,-0.065,1231.2384281158447
1772876866.8609905,1.781,1.569,-0.064,1231.33704662323
1772876866.9610934,1.783,1.571,-0.064,1231.4371495246887
1772876867.0612507,1.785,1.572,-0.064,1231.5373067855835
1772876867.1612985,1.786,1.573,-0.065,1231.6373546123505
1772876867.2612462,1.786,1.574,-0.064,1231.7373023033142
1772876867.361219,1.787,1.575,-0.063,1231.8372750282288
1772876867.4616964,1.792,1.579,-0.064,1231.9377524852753
1772876867.5614443,1.796,1.583,-0.064,1232.0375003814697
1772876867.6624765,1.795,1.584,-0.064,1232.1385326385498
1772876867.7621799,1.796,1.584,-0.064,1232.23823595047
1772876867.8618617,1.797,1.586,-0.065,1232.337917804718
1772876867.9613948,1.8,1.588,-0.064,1232.4374508857727
1772876868.0616412,1.801,1.588,-0.063,1232.537697315216
1772876868.1611907,1.801,1.588,-0.063,1232.6372468471527
1772876868.2614279,1.802,1.59,-0.064,1232.7374839782715
1772876868.3612995,1.802,1.592,-0.062,1232.8373556137085
1772876868.4613125,1.805,1.595,-0.062,1232.937368631363
1772876868.561204,1.806,1.596,-0.065,1233.037260055542
1772876868.6613266,1.809,1.598,-0.066,1233.1373827457428
1772876868.7610376,1.81,1.599,-0.065,1233.2370936870575
1772876868.8612044,1.812,1.602,-0.064,1233.3372604846954
1772876868.9613008,1.815,1.604,-0.066,1233.4373569488525
1772876869.0623896,1.817,1.606,-0.064,1233.5384457111359
1772876869.1622732,1.817,1.606,-0.06,1233.6383292675018
1772876869.261138,1.813,1.61,-0.06,1233.7371940612793
1772876869.361156,1.813,1.611,-0.064,1233.8372120857239
1772876869.4616961,1.817,1.615,-0.063,1233.9377522468567
1772876869.5623374,1.82,1.617,-0.062,1234.038393497467
1772876869.6616724,1.822,1.619,-0.064,1234.1377284526825
1772876869.7622156,1.822,1.619,-0.065,1234.2382717132568
1772876869.8611543,1.824,1.62,-0.064,1234.3372104167938
1772876869.9613585,1.824,1.621,-0.065,1234.4374146461487
1772876870.0612667,1.825,1.622,-0.064,1234.5373227596283
1772876870.1614652,1.826,1.622,-0.064,1234.6375212669373
1772876870.2611778,1.825,1.621,-0.064,1234.737233877182
1772876870.3612587,1.824,1.622,-0.063,1234.8373148441315
1772876870.4616847,1.825,1.623,-0.063,1234.937740802765
1772876870.5616336,1.828,1.626,-0.064,1235.0376896858215
1772876870.6613712,1.83,1.627,-0.064,1235.137427330017
1772876870.7613804,1.832,1.629,-0.064,1235.2374365329742
1772876870.8618388,1.834,1.631,-0.066,1235.3378949165344
1772876870.9616098,1.836,1.632,-0.067,1235.437665939331
1772876871.0616775,1.834,1.635,-0.064,1235.53773355484
1772876871.1613066,1.834,1.636,-0.064,1235.6373627185822
1772876871.2616239,1.834,1.638,-0.064,1235.7376799583435
1772876871.3610198,1.836,1.64,-0.065,1235.8370759487152
1772876871.462187,1.837,1.641,-0.065,1235.938243150711
1772876871.561304,1.836,1.642,-0.064,1236.0373601913452
1772876871.6612113,1.836,1.642,-0.064,1236.1372673511505
1772876871.7614846,1.837,1.643,-0.066,1236.2375407218933
1772876871.8616982,1.838,1.644,-0.066,1236.3377542495728
1772876871.9614599,1.837,1.645,-0.064,1236.4375159740448
1772876872.0613577,1.841,1.648,-0.066,1236.5374138355255
1772876872.1616077,1.841,1.649,-0.066,1236.6376638412476
1772876872.2612457,1.843,1.65,-0.066,1236.737301826477
1772876872.3626676,1.844,1.651,-0.065,1236.8387236595154
1772876872.4616456,1.845,1.652,-0.064,1236.937701702118
1772876872.5614665,1.845,1.651,-0.066,1237.0375225543976
1772876872.6616921,1.845,1.652,-0.066,1237.1377482414246
1772876872.761751,1.846,1.653,-0.064,1237.2378070354462
1772876872.8613224,1.846,1.653,-0.066,1237.337378501892
1772876872.9612286,1.847,1.654,-0.064,1237.437284708023
1772876873.0620081,1.847,1.654,-0.063,1237.5380642414093
1772876873.1612976,1.848,1.654,-0.065,1237.6373536586761
1772876873.2616394,1.848,1.655,-0.065,1237.7376954555511
1772876873.3611374,1.849,1.655,-0.064,1237.8371934890747
1772876873.4620078,1.85,1.656,-0.067,1237.9380638599396
1772876873.5620213,1.853,1.659,-0.066,1238.0380773544312
1772876873.66147,1.855,1.661,-0.064,1238.1375260353088
1772876873.7611694,1.856,1.661,-0.065,1238.2372255325317
1772876873.861299,1.856,1.661,-0.067,1238.3373551368713
1772876873.9615877,1.856,1.662,-0.064,1238.4376437664032
1772876874.06129,1.856,1.662,-0.065,1238.537346124649
1772876874.1612053,1.856,1.662,-0.065,1238.637261390686
1772876874.2616153,1.858,1.663,-0.064,1238.7376713752747
1772876874.362019,1.86,1.665,-0.066,1238.8380751609802
1772876874.4613347,1.861,1.667,-0.064,1238.9373908042908
1772876874.5624006,1.861,1.667,-0.066,1239.0384566783905
1772876874.6611736,1.861,1.667,-0.069,1239.137229681015
1772876874.7614715,1.861,1.667,-0.067,1239.2375276088715
1772876874.8610587,1.862,1.667,-0.065,1239.3371148109436
1772876874.961221,1.862,1.667,-0.065,1239.4372770786285
1772876875.06217,1.865,1.669,-0.066,1239.5382261276245
1772876875.1613033,1.865,1.67,-0.067,1239.637359380722
1772876875.2620082,1.867,1.671,-0.067,1239.738064289093
1772876875.3612657,1.868,1.672,-0.064,1239.8373217582703
1772876875.4612827,1.868,1.672,-0.065,1239.9373388290405
1772876875.5617652,1.869,1.673,-0.065,1240.0378212928772
1772876875.6620772,1.87,1.674,-0.065,1240.1381332874298
1772876875.7611778,1.87,1.674,-0.066,1240.237233877182
1772876875.8617613,1.87,1.674,-0.066,1240.3378174304962
1772876875.961792,1.87,1.674,-0.066,1240.4378480911255
1772876876.061243,1.873,1.676,-0.064,1240.537299156189
1772876876.1611912,1.874,1.677,-0.065,1240.6372473239899
1772876876.261277,1.874,1.677,-0.067,1240.737333059311
1772876876.3613963,1.874,1.677,-0.066,1240.8374524116516
1772876876.4620268,1.874,1.677,-0.067,1240.938082933426
1772876876.5611804,1.874,1.677,-0.066,1241.0372364521027
1772876876.6614752,1.873,1.678,-0.064,1241.1375312805176
1772876876.7617154,1.876,1.68,-0.065,1241.2377715110779
1772876876.8619561,1.878,1.682,-0.065,1241.3380122184753
1772876876.9616096,1.878,1.682,-0.064,1241.4376657009125
1772876877.0614793,1.88,1.684,-0.066,1241.5375354290009
1772876877.1617687,1.88,1.684,-0.064,1241.6378247737885
1772876877.2611635,1.883,1.686,-0.063,1241.7372195720673
1772876877.3616714,1.883,1.686,-0.067,1241.837727546692
1772876877.4624135,1.885,1.688,-0.067,1241.9384696483612
1772876877.5612235,1.886,1.688,-0.066,1242.0372796058655
1772876877.6615973,1.886,1.688,-0.067,1242.13765335083
1772876877.7624743,1.885,1.689,-0.065,1242.2385303974152
1772876877.8619049,1.885,1.689,-0.062,1242.3379609584808
1772876877.9616773,1.886,1.69,-0.066,1242.437733411789
1772876878.0613286,1.886,1.69,-0.066,1242.5373847484589
1772876878.1610036,1.887,1.691,-0.065,1242.6370596885681
1772876878.2612503,1.889,1.692,-0.064,1242.73730635643
1772876878.3613436,1.891,1.694,-0.065,1242.8373997211456
1772876878.4612763,1.892,1.695,-0.066,1242.937332391739
1772876878.5616531,1.893,1.696,-0.067,1243.037709236145
1772876878.6614406,1.894,1.697,-0.066,1243.1374967098236
1772876878.7618823,1.894,1.697,-0.066,1243.2379384040833
1772876878.861377,1.896,1.698,-0.07,1243.3374330997467
1772876878.9616086,1.896,1.699,-0.065,1243.4376647472382
1772876879.0611691,1.896,1.699,-0.064,1243.5372252464294
1772876879.1611986,1.896,1.699,-0.064,1243.6372547149658
1772876879.2613387,1.896,1.699,-0.064,1243.737394809723
1772876879.3613374,1.896,1.699,-0.064,1243.8373935222626
1772876879.4618459,1.896,1.699,-0.064,1243.9379019737244
1772876879.5613015,1.896,1.699,-0.066,1244.0373575687408
1772876879.6612792,1.895,1.7,-0.07,1244.1373353004456
1772876879.7613025,1.895,1.7,-0.069,1244.2373585700989
1772876879.861267,1.896,1.701,-0.065,1244.3373231887817
1772876879.9621508,1.897,1.702,-0.068,1244.438206911087
1772876880.0613613,1.897,1.702,-0.066,1244.5374174118042
1772876880.1616583,1.897,1.702,-0.066,1244.6377143859863
1772876880.2612562,1.899,1.704,-0.07,1244.7373123168945
1772876880.3612487,1.899,1.704,-0.067,1244.8373048305511
1772876880.561552,1.901,1.705,-0.067,1245.0376081466675
1772876880.6612494,1.901,1.705,-0.066,1245.1373054981232
1772876880.7612464,1.902,1.706,-0.072,1245.2373025417328
1772876880.8617198,1.903,1.707,-0.071,1245.3377759456635
1772876880.962285,1.904,1.708,-0.069,1245.438341140747
1772876881.0612576,1.904,1.708,-0.07,1245.5373136997223
1772876881.161687,1.904,1.708,-0.068,1245.6377429962158
1772876881.2614052,1.904,1.708,-0.067,1245.7374613285065
1772876881.3620145,1.904,1.708,-0.07,1245.8380706310272
1772876881.4618187,1.904,1.708,-0.068,1245.9378747940063
1772876881.5621321,1.905,1.709,-0.067,1246.0381882190704
1772876881.6619506,1.906,1.709,-0.066,1246.1380066871643
1772876881.761297,1.906,1.709,-0.066,1246.2373530864716
1772876881.8613627,1.907,1.71,-0.07,1246.337418794632
1772876881.9616244,1.908,1.711,-0.07,1246.4376804828644
1772876882.0620008,1.908,1.711,-0.068,1246.5380568504333
1772876882.2613842,1.91,1.713,-0.069,1246.7374403476715
1772876882.3614504,1.911,1.714,-0.068,1246.837506532669
1772876882.4616883,1.911,1.714,-0.069,1246.9377443790436
1772876882.5620317,1.911,1.714,-0.07,1247.0380878448486
1772876882.6615927,1.912,1.714,-0.067,1247.137648820877
1772876882.761611,1.912,1.714,-0.068,1247.2376670837402
1772876882.8612084,1.913,1.715,-0.067,1247.3372645378113
1772876882.961226,1.913,1.715,-0.071,1247.4372820854187
1772876883.0614693,1.913,1.715,-0.07,1247.5375254154205
1772876883.1613917,1.912,1.716,-0.067,1247.637447834015
1772876883.2610486,1.912,1.716,-0.07,1247.7371046543121
1772876883.361943,1.912,1.716,-0.071,1247.8379991054535
1772876883.4611888,1.912,1.716,-0.069,1247.9372448921204
1772876883.561399,1.912,1.716,-0.068,1248.0374550819397
1772876883.662705,1.912,1.716,-0.07,1248.1387610435486
1772876883.7614684,1.912,1.716,-0.068,1248.23752450943
1772876883.861251,1.912,1.716,-0.069,1248.337307214737
1772876883.9623983,1.912,1.716,-0.067,1248.4384543895721
1772876884.061331,1.912,1.716,-0.068,1248.5373871326447
1772876884.1612136,1.914,1.717,-0.069,1248.6372697353363
1772876884.2612844,1.914,1.717,-0.067,1248.7373404502869
1772876884.3614094,1.914,1.717,-0.069,1248.8374655246735
1772876884.4618886,1.914,1.717,-0.069,1248.93794465065
1772876884.5612824,1.917,1.72,-0.068,1249.0373384952545
1772876884.7616167,1.918,1.721,-0.07,1249.2376728057861
1772876884.861249,1.919,1.722,-0.068,1249.3373050689697
1772876884.9613883,1.919,1.721,-0.069,1249.437444448471
1772876885.061628,1.918,1.721,-0.069,1249.5376842021942
1772876885.1616206,1.917,1.722,-0.067,1249.6376767158508
1772876885.2618597,1.917,1.722,-0.071,1249.7379157543182
1772876885.3611367,1.919,1.723,-0.068,1249.837192773819
1772876885.461148,1.919,1.723,-0.068,1249.9372041225433
1772876885.561332,1.919,1.723,-0.068,1250.037388086319
1772876885.661229,1.919,1.723,-0.067,1250.1372849941254
1772876885.7614357,1.921,1.725,-0.065,1250.2374918460846
1772876885.8612068,1.921,1.725,-0.067,1250.3372628688812
1772876885.9610262,1.921,1.725,-0.066,1250.4370822906494
1772876886.0611682,1.921,1.725,-0.068,1250.5372242927551
1772876886.161302,1.922,1.726,-0.068,1250.6373581886292
1772876886.2617128,1.924,1.728,-0.066,1250.7377688884735
1772876886.3617523,1.924,1.728,-0.067,1250.8378083705902
1772876886.4611998,1.924,1.727,-0.066,1250.937255859375
1772876886.5612996,1.924,1.727,-0.065,1251.0373556613922
1772876886.6617355,1.922,1.726,-0.068,1251.137791633606
1772876886.7611704,1.922,1.726,-0.066,1251.237226486206
1772876886.8612702,1.921,1.727,-0.065,1251.3373262882233
1772876886.96164,1.921,1.728,-0.068,1251.437695980072
1772876887.0622642,1.921,1.728,-0.067,1251.5383203029633
1772876887.1614938,1.921,1.728,-0.067,1251.6375498771667
1772876887.2613885,1.921,1.728,-0.067,1251.737444639206
1772876887.3611457,1.922,1.729,-0.067,1251.837201833725
1772876887.4614525,1.923,1.729,-0.068,1251.9375085830688
1772876887.5612938,1.924,1.731,-0.068,1252.0373499393463
1772876887.6624544,1.925,1.731,-0.068,1252.138510465622
1772876887.7625544,1.925,1.731,-0.069,1252.2386105060577
1772876887.8612518,1.925,1.731,-0.069,1252.3373079299927
1772876887.9613824,1.925,1.731,-0.067,1252.4374384880066
1772876888.0612063,1.925,1.731,-0.068,1252.5372624397278
1772876888.1612556,1.925,1.731,-0.067,1252.6373116970062
1772876888.2612188,1.925,1.731,-0.067,1252.7372748851776
1772876888.3614252,1.925,1.731,-0.067,1252.8374812602997
1772876888.4612436,1.925,1.731,-0.067,1252.9372997283936
1772876888.5611684,1.925,1.731,-0.068,1253.0372245311737
1772876888.6611257,1.925,1.731,-0.068,1253.1371817588806
1772876888.761477,1.925,1.732,-0.067,1253.2375330924988
1772876888.8612535,1.925,1.732,-0.068,1253.3373095989227
1772876888.9614003,1.925,1.732,-0.069,1253.4374563694
1772876889.06149,1.925,1.732,-0.067,1253.537546157837
1772876889.1612024,1.926,1.732,-0.067,1253.637258529663
1772876889.2612715,1.926,1.732,-0.069,1253.7373275756836
1772876889.361241,1.927,1.733,-0.068,1253.8372972011566
1772876889.4610445,1.927,1.733,-0.07,1253.93710064888
1772876889.5614188,1.927,1.733,-0.069,1254.0374748706818
1772876889.661218,1.927,1.733,-0.067,1254.1372740268707
1772876889.7612362,1.927,1.733,-0.07,1254.237292289734
1772876889.8620427,1.927,1.733,-0.069,1254.3380987644196
1772876890.0614533,1.927,1.733,-0.068,1254.5375094413757
1772876890.1613047,1.927,1.733,-0.069,1254.6373608112335
1772876890.2610183,1.927,1.733,-0.067,1254.7370743751526
1772876890.3612566,1.927,1.733,-0.071,1254.8373126983643
1772876890.461448,1.927,1.733,-0.07,1254.9375040531158
1772876890.5622811,1.927,1.733,-0.07,1255.0383372306824
1772876890.6612942,1.927,1.733,-0.073,1255.137350320816
1772876890.7619066,1.927,1.733,-0.069,1255.2379627227783
1772876890.861228,1.928,1.734,-0.071,1255.3372840881348
1772876890.9613578,1.928,1.734,-0.071,1255.437413930893
1772876891.0618873,1.928,1.734,-0.071,1255.5379433631897
1772876891.161561,1.928,1.734,-0.072,1255.637617111206
1772876891.2612402,1.928,1.734,-0.072,1255.7372963428497
1772876891.3611891,1.928,1.734,-0.07,1255.8372452259064
1772876891.4613278,1.928,1.734,-0.071,1255.937383890152
1772876891.5612252,1.928,1.734,-0.07,1256.0372812747955
1772876891.6623425,1.928,1.734,-0.07,1256.1383986473083
1772876891.7612352,1.928,1.734,-0.076,1256.2372913360596
1772876891.8613458,1.928,1.734,-0.074,1256.3374018669128
1772876891.9619923,1.927,1.735,-0.069,1256.438048362732
1772876892.0612798,1.927,1.735,-0.074,1256.5373358726501
1772876892.1612937,1.927,1.735,-0.08,1256.6373498439789
1772876892.261204,1.926,1.737,-0.076,1256.7372601032257
1772876892.3612456,1.925,1.737,-0.071,1256.8373017311096
1772876892.4622283,1.925,1.737,-0.07,1256.9382843971252
1772876892.5616221,1.926,1.739,-0.07,1257.0376782417297
1772876892.6614647,1.928,1.74,-0.071,1257.1375207901
1772876892.8612852,1.928,1.74,-0.073,1257.3373413085938
1772876892.9613395,1.928,1.74,-0.071,1257.4373955726624
1772876893.1616838,1.928,1.74,-0.072,1257.6377398967743
1772876893.261293,1.928,1.74,-0.073,1257.7373490333557
1772876893.3613179,1.928,1.74,-0.072,1257.837373971939
1772876893.4612155,1.928,1.74,-0.073,1257.9372715950012
1772876893.561181,1.928,1.74,-0.07,1258.0372371673584
1772876893.6612496,1.928,1.74,-0.068,1258.1373057365417
1772876893.7611983,1.928,1.74,-0.072,1258.2372543811798
1772876893.8611836,1.928,1.74,-0.071,1258.337239742279
1772876893.9614003,1.928,1.74,-0.072,1258.4374563694
1772876894.0620487,1.928,1.74,-0.071,1258.5381047725677
1772876894.1616144,1.928,1.74,-0.07,1258.6376705169678
1772876894.2613547,1.928,1.74,-0.071,1258.7374107837677
1772876894.361658,1.928,1.74,-0.072,1258.8377141952515
1772876894.4613237,1.928,1.74,-0.071,1258.9373798370361
1772876894.5611784,1.928,1.74,-0.072,1259.037234544754
1772876894.66157,1.928,1.74,-0.071,1259.137626171112
1772876894.7612283,1.928,1.74,-0.07,1259.2372844219208
1772876894.8614483,1.928,1.74,-0.072,1259.3375043869019
1772876894.9612021,1.928,1.74,-0.071,1259.4372582435608
1772876895.0615795,1.928,1.74,-0.071,1259.537635564804
1772876895.1617978,1.928,1.74,-0.072,1259.637853860855
1772876895.2612097,1.928,1.74,-0.071,1259.7372658252716
1772876895.3616302,1.928,1.74,-0.071,1259.8376863002777
1772876895.461144,1.928,1.74,-0.071,1259.9372000694275
1772876895.56222,1.928,1.74,-0.072,1260.0382761955261
1772876895.6616592,1.928,1.74,-0.072,1260.1377153396606
1772876895.8613107,1.927,1.741,-0.068,1260.3373668193817
1772876895.9616969,1.924,1.744,-0.065,1260.4377529621124
1772876896.0616033,1.924,1.744,-0.068,1260.537659406662
1772876896.1611981,1.924,1.744,-0.068,1260.6372542381287
1772876896.2620893,1.924,1.744,-0.067,1260.73814535141
1772876896.3612869,1.924,1.744,-0.068,1260.8373429775238
1772876896.4612627,1.924,1.744,-0.068,1260.9373188018799
1772876896.5618076,1.924,1.744,-0.069,1261.0378637313843
1772876896.6612198,1.924,1.744,-0.068,1261.1372759342194
1772876896.761714,1.924,1.744,-0.07,1261.2377700805664
1772876896.861321,1.924,1.744,-0.071,1261.3373770713806
1772876896.9630504,1.924,1.744,-0.071,1261.439106464386
1772876897.0619295,1.924,1.744,-0.068,1261.5379855632782
1772876897.1619356,1.924,1.744,-0.067,1261.6379916667938
1772876897.26145,1.924,1.744,-0.067,1261.7375061511993
1772876897.3614585,1.924,1.744,-0.068,1261.8375146389008
1772876897.4622738,1.924,1.744,-0.066,1261.9383299350739
1772876897.562018,1.924,1.744,-0.067,1262.038074016571
1772876897.6617024,1.924,1.745,-0.067,1262.1377584934235
1772876897.7616937,1.924,1.745,-0.067,1262.2377498149872
1772876897.8611472,1.924,1.745,-0.067,1262.3372032642365
1772876897.9629982,1.924,1.745,-0.069,1262.4390542507172
1772876898.0612957,1.924,1.744,-0.07,1262.537351846695
1772876898.161427,1.923,1.744,-0.069,1262.6374831199646
1772876898.2617905,1.923,1.744,-0.067,1262.7378466129303
1772876898.3613071,1.923,1.744,-0.067,1262.837363243103
1772876898.4612985,1.924,1.744,-0.067,1262.9373545646667
1772876898.561454,1.924,1.744,-0.066,1263.0375101566315
1772876898.6617815,1.924,1.744,-0.067,1263.1378376483917
1772876898.7611492,1.924,1.744,-0.068,1263.2372052669525
1772876898.8618064,1.924,1.744,-0.067,1263.3378624916077
1772876898.9612458,1.924,1.744,-0.068,1263.4373018741608
1772876899.0611432,1.924,1.744,-0.067,1263.5371992588043
1772876899.1614385,1.924,1.744,-0.068,1263.6374945640564
1772876899.2613683,1.924,1.744,-0.07,1263.7374243736267
1772876899.461489,1.924,1.744,-0.068,1263.9375450611115
1772876899.5614798,1.924,1.744,-0.067,1264.037535905838
1772876899.6614215,1.924,1.744,-0.063,1264.1374776363373
1772876899.7617486,1.924,1.744,-0.064,1264.2378046512604
1772876899.8619142,1.924,1.744,-0.068,1264.3379702568054
1772876899.9615886,1.924,1.744,-0.066,1264.4376447200775
1772876900.0612838,1.924,1.744,-0.066,1264.537339925766
1772876900.1617582,1.924,1.744,-0.068,1264.637814283371
1772876900.2613187,1.924,1.744,-0.068,1264.7373747825623
1772876900.361865,1.924,1.744,-0.067,1264.8379211425781
1772876900.461279,1.924,1.744,-0.07,1264.9373350143433
1772876900.5613637,1.924,1.744,-0.069,1265.03741979599
1772876900.6615553,1.924,1.744,-0.069,1265.1376113891602
1772876900.7614193,1.924,1.744,-0.066,1265.2374753952026
1772876900.8619444,1.924,1.744,-0.065,1265.338000535965
1772876900.9636607,1.924,1.744,-0.065,1265.4397168159485
1772876901.0612571,1.923,1.743,-0.066,1265.5373132228851
1772876901.1611423,1.92,1.741,-0.064,1265.6371984481812
1772876901.261173,1.92,1.741,-0.067,1265.7372291088104
1772876901.3617744,1.92,1.741,-0.065,1265.837830543518
1772876901.4611058,1.92,1.741,-0.065,1265.9371619224548
1772876901.5615757,1.92,1.741,-0.067,1266.0376317501068
1772876901.6614444,1.919,1.74,-0.069,1266.1375005245209
1772876901.7617073,1.918,1.74,-0.067,1266.2377634048462
1772876901.861202,1.918,1.74,-0.065,1266.3372581005096
1772876901.9616961,1.918,1.739,-0.066,1266.4377522468567
1772876902.0614338,1.915,1.738,-0.066,1266.5374898910522
1772876902.1624644,1.914,1.738,-0.066,1266.6385204792023
1772876902.261456,1.912,1.737,-0.064,1266.7375121116638
1772876902.3616397,1.912,1.737,-0.065,1266.8376958370209
1772876902.4612684,1.912,1.737,-0.066,1266.9373245239258
1772876902.5620296,1.914,1.739,-0.058,1267.0380856990814
1772876902.6614792,1.916,1.74,-0.059,1267.1375353336334
1772876902.7614884,1.916,1.74,-0.059,1267.2375445365906
